# Blender 4.1.1
# www.blender.org
mtllib Face.mtl
o 頭
v -0.176160 1.373157 -0.244968
v -0.182578 1.762518 -0.202422
v -0.180800 1.457024 0.136520
v -0.189440 1.763832 0.140078
v -0.097062 1.420796 0.162279
v -0.005429 1.410413 0.174185
v -0.006018 1.816398 0.192165
v -0.107258 1.801571 0.177464
v -0.209556 1.702893 0.163959
v -0.219103 1.607201 0.176791
v -0.200093 1.501900 0.164526
v -0.197947 1.377254 -0.189823
v -0.202677 1.391214 -0.077704
v -0.195463 1.428512 0.058609
v -0.211791 1.787843 0.066540
v -0.220772 1.797689 -0.031417
v -0.205906 1.787302 -0.128937
v -0.213352 1.687817 -0.226323
v -0.217659 1.564770 -0.244035
v -0.192766 1.411537 -0.244625
v 0.009885 1.326466 -0.277581
v -0.093035 1.338568 -0.270819
v -0.100857 1.799142 -0.234944
v 0.008234 1.817453 -0.243158
v -0.120139 1.854320 0.084231
v -0.125157 1.871364 -0.027864
v -0.112816 1.856644 -0.139446
v -0.002821 1.878955 0.094507
v 0.001047 1.900149 -0.023643
v 0.004913 1.881122 -0.141722
v -0.001609 1.341309 0.057486
v 0.002901 1.296219 -0.080271
v 0.006907 1.287263 -0.202640
v -0.079188 1.351715 0.053458
v -0.076441 1.313294 -0.081468
v -0.102681 1.310650 -0.202378
v -0.101978 1.398286 -0.289573
v 0.013102 1.420861 -0.307214
v -0.145459 1.678643 -0.279388
v 0.009954 1.710618 -0.295710
v -0.230116 1.490466 0.079011
v -0.251387 1.470859 -0.053649
v -0.234435 1.439803 -0.172946
v -0.268822 1.607218 0.082955
v -0.290365 1.603325 -0.034427
v -0.272123 1.590863 -0.149765
v -0.256695 1.711343 0.075270
v -0.272341 1.715626 -0.033146
v -0.253099 1.703801 -0.140669
v -0.007745 1.490014 0.244915
v -0.112640 1.492508 0.224304
v -0.008824 1.604538 0.277874
v -0.121665 1.607996 0.251538
v -0.008002 1.726562 0.252773
v -0.115354 1.718840 0.231334
v -0.211002 1.548831 0.173624
v -0.213188 1.471112 -0.227625
v -0.126061 1.482240 -0.268779
v 0.010545 1.477977 -0.293485
v -0.250034 1.543500 0.083834
v -0.274260 1.532538 -0.042337
v -0.256682 1.505304 -0.159226
v -0.008456 1.543290 0.266629
v -0.118342 1.545322 0.242433
v -0.178079 1.518959 -0.253090
v -0.193482 1.612423 -0.267242
v -0.151428 1.783610 0.160020
v -0.140633 1.352225 -0.259714
v -0.142432 1.438992 0.150210
v -0.144270 1.784994 -0.220181
v -0.166314 1.827893 0.073689
v -0.172947 1.841678 -0.029643
v -0.159563 1.829516 -0.132527
v -0.138598 1.384151 0.053260
v -0.142026 1.343047 -0.082564
v -0.154101 1.337374 -0.197816
v -0.152091 1.397147 -0.273467
v -0.180582 1.693698 -0.258203
v 0.010148 1.617662 -0.301630
v -0.158605 1.498498 0.200634
v -0.170389 1.607698 0.221564
v -0.162350 1.709383 0.204925
v 0.009801 1.535386 -0.291035
v -0.166065 1.547730 0.214782
v -0.170424 1.460726 -0.254886
v -0.051318 1.413478 0.169596
v -0.057381 1.811291 0.186762
v -0.217316 1.650223 0.172985
v -0.226847 1.625333 -0.234486
v -0.040955 1.331737 -0.276218
v -0.049285 1.808395 -0.241342
v -0.062882 1.870160 0.090436
v -0.063757 1.889764 -0.025785
v -0.055284 1.872462 -0.141675
v -0.037996 1.342669 0.055545
v -0.033394 1.299611 -0.080575
v -0.048024 1.295141 -0.203173
v -0.042949 1.413052 -0.302137
v -0.074817 1.681226 -0.293028
v -0.268211 1.653675 0.080367
v -0.287385 1.653549 -0.033631
v -0.268847 1.640213 -0.146303
v -0.060955 1.490603 0.237381
v -0.066156 1.606137 0.268285
v -0.062463 1.723912 0.245103
v -0.008604 1.659014 0.271155
v -0.120094 1.657490 0.246424
v -0.216018 1.578353 0.175954
v -0.214335 1.516541 -0.228293
v -0.261276 1.575787 0.083619
v -0.284372 1.568498 -0.037784
v -0.265938 1.549766 -0.153299
v -0.008700 1.573161 0.274097
v -0.120500 1.576629 0.248441
v -0.064252 1.543995 0.257811
v -0.047669 1.502982 -0.285010
v -0.168421 1.653300 0.217132
v -0.168864 1.577894 0.219331
v -0.184277 1.492777 -0.247170
v -0.039305 1.598991 -0.296482
v -0.065225 1.658702 0.262238
v -0.065492 1.574622 0.264742
v -0.190857 1.554657 -0.244635
v -0.150963 1.635186 -0.272481
v -0.120716 1.510596 -0.255272
v -0.167529 1.526282 -0.244543
v -0.185525 1.595244 -0.257572
v -0.104851 1.638018 -0.280849
v -0.071317 1.527675 -0.266659
v -0.062409 1.590886 -0.279524
v -0.169223 1.555427 -0.238712
v -0.144998 1.609177 -0.257756
v -0.120469 1.529297 -0.245820
v -0.151836 1.538203 -0.238697
v -0.167455 1.581778 -0.247420
v -0.113414 1.613916 -0.263488
v -0.087619 1.542518 -0.253949
v -0.083602 1.584398 -0.262332
v 0.195025 1.369249 -0.233978
v 0.195973 1.762518 -0.190029
v 0.172029 1.457024 0.148071
v 0.180418 1.763832 0.152186
v 0.086786 1.420796 0.168298
v 0.095966 1.801571 0.184117
v 0.198929 1.702893 0.177332
v 0.207616 1.607201 0.190761
v 0.189449 1.501900 0.177279
v 0.211099 1.376209 -0.176620
v 0.207871 1.391214 -0.064264
v 0.191757 1.428512 0.071286
v 0.207531 1.787843 0.080268
v 0.222900 1.797689 -0.016892
v 0.214444 1.787302 -0.115175
v 0.228243 1.687817 -0.211866
v 0.233700 1.564770 -0.229258
v 0.212944 1.408328 -0.234540
v 0.111517 1.338529 -0.264137
v 0.116553 1.799142 -0.227826
v 0.114918 1.854320 0.091927
v 0.127257 1.871364 -0.019600
v 0.122241 1.856644 -0.131751
v 0.076067 1.351715 0.058540
v 0.082152 1.313294 -0.076276
v 0.116244 1.310650 -0.195211
v 0.122323 1.398114 -0.282295
v 0.163967 1.678643 -0.269258
v 0.225001 1.490466 0.093911
v 0.254904 1.470859 -0.037074
v 0.246801 1.439001 -0.157990
v 0.263367 1.607218 0.100378
v 0.292541 1.603325 -0.015344
v 0.281881 1.590863 -0.131628
v 0.251768 1.711343 0.091916
v 0.274472 1.715626 -0.015244
v 0.262304 1.703801 -0.123796
v 0.098274 1.492508 0.231209
v 0.105498 1.607996 0.258975
v 0.100522 1.718840 0.238402
v 0.199740 1.548831 0.187071
v 0.229080 1.470536 -0.213949
v 0.144074 1.482208 -0.259948
v 0.244561 1.543500 0.100026
v 0.276987 1.532538 -0.024290
v 0.267322 1.505160 -0.142272
v 0.102778 1.545322 0.249672
v 0.194797 1.518959 -0.240883
v 0.211092 1.612423 -0.253998
v 0.141183 1.783610 0.169600
v 0.158479 1.351179 -0.250109
v 0.132848 1.438992 0.159222
v 0.158908 1.784994 -0.210256
v 0.161683 1.827893 0.084427
v 0.175062 1.841678 -0.018249
v 0.168435 1.829516 -0.121789
v 0.135363 1.384151 0.062229
v 0.147668 1.343047 -0.073080
v 0.167351 1.337149 -0.187289
v 0.171208 1.396345 -0.263683
v 0.197630 1.693698 -0.245822
v 0.145689 1.498498 0.210596
v 0.156078 1.607698 0.232251
v 0.149145 1.709383 0.215123
v 0.152207 1.547730 0.225201
v 0.187505 1.460581 -0.243369
v 0.040661 1.413478 0.172608
v 0.045589 1.811291 0.190133
v 0.206082 1.650223 0.186847
v 0.242244 1.625333 -0.219129
v 0.060715 1.331673 -0.272906
v 0.065510 1.808395 -0.237583
v 0.057378 1.870160 0.094374
v 0.065852 1.889764 -0.021542
v 0.064977 1.872462 -0.137737
v 0.034828 1.342669 0.057929
v 0.039138 1.299611 -0.078201
v 0.061756 1.295141 -0.199579
v 0.068544 1.412346 -0.298739
v 0.094369 1.681226 -0.287489
v 0.262926 1.653675 0.097755
v 0.289515 1.653549 -0.014744
v 0.278387 1.640213 -0.128388
v 0.045844 1.490603 0.240877
v 0.049012 1.606137 0.272056
v 0.046844 1.723912 0.248682
v 0.104265 1.657490 0.253769
v 0.204593 1.578353 0.189724
v 0.229353 1.516541 -0.213767
v 0.255794 1.575787 0.100546
v 0.286780 1.568498 -0.019086
v 0.275941 1.549766 -0.135558
v 0.104538 1.576629 0.255809
v 0.047798 1.543995 0.261480
v 0.067382 1.502883 -0.281278
v 0.154404 1.653300 0.227701
v 0.154702 1.577894 0.229923
v 0.200595 1.492777 -0.234570
v 0.059158 1.598991 -0.293258
v 0.048479 1.658702 0.265961
v 0.048582 1.574622 0.268477
v 0.206995 1.554657 -0.231610
v 0.169007 1.635186 -0.262006
v 0.137700 1.510596 -0.246812
v 0.183710 1.526282 -0.233044
v 0.202520 1.595244 -0.244868
v 0.123541 1.638018 -0.273372
v 0.089151 1.527675 -0.261406
v 0.081103 1.590886 -0.274825
v 0.185020 1.555426 -0.227115
v 0.162092 1.609177 -0.247703
v 0.136835 1.529297 -0.237396
v 0.167669 1.538203 -0.228237
v 0.183825 1.581778 -0.235919
v 0.130951 1.613916 -0.255488
v 0.104587 1.542518 -0.247657
v 0.101127 1.584398 -0.256284
v 0.052886 1.381829 -0.301385
v 0.012425 1.380422 -0.306188
v -0.027295 1.382005 -0.303964
v -0.007472 1.412689 -0.308300
v 0.034579 1.412263 -0.307032
v 0.057500 1.391600 -0.302863
v -0.030741 1.392003 -0.305602
v 0.031815 1.388795 -0.307083
v -0.005756 1.388885 -0.308296
v -0.172451 1.773429 0.149987
v -0.189829 1.476292 0.151120
v -0.187536 1.445594 0.108235
v -0.192029 1.775494 -0.173223
v -0.182453 1.387461 -0.247691
v -0.161018 1.362832 -0.252965
v -0.119782 1.428874 0.156690
v -0.028393 1.411371 0.172469
v -0.082854 1.807204 0.182877
v -0.198724 1.737318 0.152759
v -0.218666 1.627383 0.175323
v -0.206955 1.527150 0.171238
v -0.186636 1.373966 -0.225818
v -0.202776 1.381806 -0.139808
v -0.200414 1.408431 -0.007449
v -0.199484 1.776043 0.110834
v -0.219331 1.795285 0.018120
v -0.216164 1.794890 -0.080767
v -0.195819 1.730955 -0.215498
v -0.224986 1.601565 -0.238544
v -0.204521 1.441269 -0.235874
v -0.066159 1.336241 -0.274658
v -0.123226 1.793138 -0.228335
v -0.020900 1.814325 -0.242986
v -0.102518 1.835683 -0.191492
v -0.112308 1.833038 0.134662
v -0.124829 1.866887 0.029130
v -0.121113 1.868034 -0.084373
v 0.006712 1.855861 -0.196675
v -0.004540 1.852876 0.147015
v -0.000926 1.894640 0.036629
v 0.003006 1.895676 -0.083490
v -0.188275 1.811984 0.068436
v -0.195571 1.823989 -0.030503
v -0.181875 1.813005 -0.129043
v -0.092550 1.863233 0.087740
v -0.095733 1.881622 -0.026853
v -0.085061 1.865613 -0.141000
v 0.008399 1.300569 -0.246196
v -0.003665 1.373247 0.120295
v 0.005052 1.286320 -0.145958
v -0.100315 1.320367 -0.243277
v -0.087756 1.383964 0.112836
v -0.073493 1.327847 -0.012904
v -0.090674 1.307977 -0.146761
v -0.019795 1.341662 0.056670
v -0.015194 1.296992 -0.080532
v -0.020539 1.289653 -0.203129
v -0.107353 1.365680 0.053175
v -0.107856 1.326361 -0.082025
v -0.129147 1.322595 -0.200457
v -0.128844 1.395558 -0.282093
v -0.000025 1.414856 -0.308311
v -0.165306 1.687593 -0.268175
v -0.030475 1.701753 -0.295527
v 0.011512 1.359981 -0.298040
v -0.111663 1.438923 -0.281929
v 0.012052 1.442505 -0.301649
v -0.116757 1.743679 -0.264473
v 0.009317 1.765628 -0.276262
v -0.214570 1.424376 -0.215219
v -0.215975 1.497687 0.129286
v -0.243708 1.481921 0.015150
v -0.247830 1.456152 -0.118023
v -0.248860 1.577951 -0.200267
v -0.245482 1.607399 0.135344
v -0.284336 1.605914 0.025299
v -0.286241 1.599011 -0.093647
v -0.234010 1.693044 -0.189108
v -0.235043 1.706085 0.124688
v -0.269312 1.715096 0.021788
v -0.266519 1.711902 -0.087820
v -0.215392 1.458518 0.068852
v -0.229543 1.429761 -0.066202
v -0.217489 1.406302 -0.181938
v -0.241464 1.519575 0.083348
v -0.265649 1.505639 -0.046085
v -0.247581 1.474300 -0.165095
v -0.269281 1.629038 0.081841
v -0.289700 1.626984 -0.033789
v -0.271543 1.614440 -0.148005
v -0.236790 1.750914 0.069987
v -0.249019 1.758017 -0.032378
v -0.231764 1.747244 -0.134122
v -0.180492 1.501552 0.186250
v -0.087334 1.491173 0.231836
v -0.194113 1.607322 0.203486
v -0.094547 1.607268 0.261152
v -0.185322 1.704614 0.188716
v -0.089461 1.721787 0.239404
v -0.006808 1.451357 0.216304
v -0.105839 1.457992 0.199657
v -0.008236 1.520628 0.259914
v -0.116473 1.521949 0.236949
v -0.008746 1.629611 0.275499
v -0.121136 1.631043 0.249751
v -0.007195 1.771333 0.228134
v -0.109768 1.760425 0.210029
v -0.213778 1.565174 0.174914
v -0.215337 1.496206 -0.225523
v 0.009854 1.507099 -0.290104
v -0.256277 1.561373 0.083714
v -0.279978 1.552412 -0.039852
v -0.262134 1.529559 -0.155568
v -0.008591 1.559825 0.270763
v -0.119536 1.562653 0.245759
v -0.091894 1.544557 0.251273
v -0.188982 1.548872 0.198117
v -0.270490 1.520981 -0.105069
v -0.265981 1.539398 0.022737
v -0.231389 1.546804 0.135223
v -0.236420 1.487302 -0.199930
v -0.016724 1.481844 -0.291943
v -0.152891 1.469918 -0.262647
v 0.000628 1.315134 -0.010850
v -0.129878 1.793363 0.169506
v -0.118039 1.343719 -0.265608
v -0.164410 1.449186 0.143366
v -0.164981 1.774279 -0.211416
v -0.144265 1.842099 0.079367
v -0.150328 1.857579 -0.028781
v -0.137201 1.844140 -0.136426
v -0.169086 1.404370 0.054039
v -0.173650 1.363224 -0.082358
v -0.176911 1.354867 -0.194746
v -0.172525 1.402448 -0.262505
v -0.195250 1.692580 -0.247223
v 0.010191 1.662180 -0.302941
v -0.136159 1.495120 0.213462
v -0.146663 1.608049 0.237791
v -0.139405 1.714522 0.219315
v -0.142800 1.546425 0.229758
v -0.190293 1.461168 -0.244562
v -0.194174 1.530853 -0.250788
v -0.204466 1.596706 -0.260241
v -0.161289 1.428831 -0.265206
v -0.163633 1.525417 0.210576
v -0.169732 1.629018 0.219973
v -0.167614 1.564428 0.217300
v -0.150191 1.468920 0.180907
v -0.157595 1.742712 -0.246336
v -0.143285 1.370862 -0.272203
v -0.149967 1.336550 -0.145837
v -0.138682 1.360130 -0.013085
v -0.139167 1.410670 0.107979
v -0.168704 1.838789 -0.081698
v -0.172123 1.838104 0.022741
v -0.157055 1.810453 0.120806
v -0.147853 1.813034 -0.180495
v -0.147718 1.341927 -0.235465
v -0.155076 1.747040 0.187861
v -0.074225 1.416117 0.166383
v -0.031723 1.814803 0.190161
v -0.215220 1.674269 0.169995
v -0.224540 1.651238 -0.231144
v -0.015796 1.328466 -0.277605
v -0.076134 1.803628 -0.238980
v -0.032865 1.876206 0.092866
v -0.031355 1.896904 -0.024710
v -0.025173 1.878415 -0.142076
v -0.056821 1.344924 0.054345
v -0.052529 1.304664 -0.080918
v -0.075498 1.301870 -0.203108
v -0.072299 1.405450 -0.296234
v -0.160196 1.504890 -0.257612
v -0.179283 1.636431 -0.273487
v -0.110714 1.688293 -0.285670
v -0.265777 1.679714 0.078579
v -0.283596 1.681626 -0.033512
v -0.264261 1.668657 -0.144439
v -0.034385 1.490198 0.242233
v -0.037537 1.605038 0.274524
v -0.035269 1.725734 0.250041
v -0.008414 1.690052 0.265354
v -0.118656 1.685419 0.241850
v -0.218017 1.591448 0.176808
v -0.215210 1.535387 -0.233517
v -0.265814 1.590093 0.083467
v -0.288224 1.584464 -0.035866
v -0.269734 1.569625 -0.151481
v -0.008794 1.586684 0.276970
v -0.121339 1.590613 0.250760
v -0.036397 1.543510 0.263530
v -0.086771 1.484034 -0.277501
v -0.166597 1.678892 0.213320
v -0.169954 1.591315 0.221072
v -0.179684 1.485199 -0.249137
v -0.016979 1.610746 -0.300805
v -0.204018 1.649422 -0.255293
v -0.053189 1.638084 -0.298580
v -0.016328 1.528491 -0.289832
v -0.145305 1.577331 0.235087
v -0.144871 1.655674 0.233042
v -0.032968 1.316770 -0.011711
v -0.048789 1.448638 -0.294583
v -0.063175 1.520913 0.251545
v -0.059181 1.767591 0.221609
v -0.093273 1.658376 0.255595
v -0.036958 1.658917 0.268020
v -0.065840 1.630446 0.266161
v -0.064381 1.688539 0.256930
v -0.093619 1.575695 0.257793
v -0.037142 1.573617 0.270824
v -0.064938 1.560949 0.261648
v -0.065973 1.588406 0.267413
v -0.056930 1.453379 0.210143
v -0.192042 1.651065 0.199366
v -0.192271 1.578356 0.201791
v -0.282213 1.649439 -0.091158
v -0.282850 1.654636 0.024232
v -0.244493 1.651591 0.131932
v -0.280559 1.561059 -0.098597
v -0.277140 1.573067 0.024376
v -0.239866 1.577507 0.135699
v -0.249346 1.627050 -0.196175
v -0.242218 1.534249 -0.197436
v -0.060813 1.749445 -0.273797
v -0.190903 1.500114 -0.244027
v -0.036018 1.363350 -0.295930
v -0.041125 1.292415 -0.146426
v -0.044668 1.375638 0.117113
v -0.046478 1.307784 -0.245945
v -0.060653 1.885770 -0.084513
v -0.064514 1.884642 0.033422
v -0.059460 1.845912 0.142333
v -0.049134 1.848495 -0.195680
v 0.009967 1.573563 -0.296099
v -0.038368 1.556054 -0.290131
v -0.182550 1.539054 -0.242774
v -0.192132 1.573646 -0.250059
v -0.146307 1.516071 -0.249337
v -0.170832 1.617514 -0.265462
v -0.128905 1.642873 -0.277682
v -0.093698 1.512980 -0.260758
v -0.080003 1.619725 -0.281773
v -0.059739 1.556683 -0.273690
v -0.149664 1.649633 -0.279884
v -0.191071 1.604524 -0.264081
v -0.065119 1.520772 -0.274983
v -0.053479 1.592882 -0.288916
v -0.121966 1.501981 -0.262077
v -0.096146 1.649919 -0.289801
v -0.201762 1.558353 -0.249527
v -0.174736 1.522416 -0.249918
v -0.158071 1.548607 -0.238374
v -0.165792 1.567485 -0.242584
v -0.136247 1.536862 -0.242177
v -0.154300 1.592854 -0.251783
v -0.129847 1.609341 -0.259167
v -0.105722 1.536598 -0.249064
v -0.100496 1.598523 -0.261444
v -0.086703 1.562896 -0.256736
v -0.149115 1.622481 -0.264021
v -0.178072 1.587333 -0.250920
v -0.180724 1.553360 -0.239688
v -0.071090 1.588719 -0.269957
v -0.109649 1.627445 -0.271185
v -0.159615 1.530999 -0.239678
v -0.119941 1.518662 -0.248973
v -0.077289 1.533995 -0.258896
v 0.162817 1.773429 0.160963
v 0.180084 1.476292 0.163231
v 0.180601 1.445594 0.120287
v 0.203494 1.775494 -0.160274
v 0.202558 1.383301 -0.237418
v 0.179555 1.359906 -0.242428
v 0.109823 1.428874 0.164207
v 0.017597 1.411371 0.173974
v 0.071262 1.807204 0.187922
v 0.188853 1.737318 0.165448
v 0.207276 1.627383 0.189268
v 0.195858 1.527150 0.184425
v 0.203342 1.371040 -0.213665
v 0.212108 1.381675 -0.126249
v 0.201018 1.408431 0.005693
v 0.192353 1.776043 0.123662
v 0.218222 1.795285 0.032445
v 0.221529 1.794890 -0.066438
v 0.210040 1.730954 -0.202211
v 0.240652 1.601564 -0.223300
v 0.222735 1.439498 -0.224193
v 0.085633 1.336148 -0.269721
v 0.138443 1.793138 -0.219768
v 0.037294 1.814325 -0.241081
v 0.115369 1.835683 -0.184359
v 0.103806 1.833038 0.141738
v 0.123202 1.866887 0.037250
v 0.126918 1.868034 -0.076253
v 0.183941 1.811984 0.080621
v 0.197693 1.823989 -0.017629
v 0.190471 1.813005 -0.116853
v 0.087158 1.863233 0.093624
v 0.097830 1.881622 -0.020516
v 0.094647 1.865613 -0.135117
v 0.116610 1.320362 -0.236177
v 0.080733 1.383964 0.118352
v 0.074725 1.327847 -0.008052
v 0.100625 1.307977 -0.140499
v 0.016592 1.341662 0.057861
v 0.020974 1.296992 -0.079348
v 0.034326 1.289653 -0.201333
v 0.104190 1.365680 0.060100
v 0.113535 1.326361 -0.074777
v 0.142539 1.322567 -0.191562
v 0.147826 1.395437 -0.273143
v 0.026841 1.414617 -0.307477
v 0.183038 1.687593 -0.256771
v 0.050285 1.701753 -0.292883
v 0.113515 1.365561 -0.280061
v 0.131058 1.438797 -0.274031
v 0.134351 1.743679 -0.256252
v 0.231641 1.422069 -0.202909
v 0.207602 1.497687 0.143153
v 0.242741 1.481920 0.031076
v 0.255691 1.456051 -0.101638
v 0.261971 1.577950 -0.183543
v 0.236650 1.607399 0.151128
v 0.282618 1.605914 0.043860
v 0.292299 1.599011 -0.074706
v 0.246423 1.693044 -0.173380
v 0.226930 1.706085 0.139812
v 0.267856 1.715096 0.039374
v 0.272238 1.711902 -0.070182
v 0.210974 1.458518 0.082810
v 0.233927 1.429761 -0.051029
v 0.230403 1.405240 -0.167842
v 0.236041 1.519575 0.098980
v 0.268640 1.505639 -0.028594
v 0.259064 1.473857 -0.149084
v 0.263898 1.629038 0.099297
v 0.291835 1.626984 -0.014751
v 0.281188 1.614440 -0.129910
v 0.232251 1.750914 0.085342
v 0.251149 1.758017 -0.016004
v 0.240586 1.747244 -0.118658
v 0.168469 1.501552 0.197675
v 0.072529 1.491173 0.237069
v 0.180934 1.607322 0.215765
v 0.077809 1.607268 0.266795
v 0.173128 1.704614 0.200451
v 0.074157 1.721787 0.244760
v 0.093100 1.457992 0.206170
v 0.101272 1.521949 0.244077
v 0.105087 1.631043 0.257157
v 0.096342 1.760425 0.216776
v 0.202425 1.565174 0.188539
v 0.230287 1.496134 -0.211034
v 0.250798 1.561373 0.100315
v 0.282531 1.552412 -0.021436
v 0.272322 1.529541 -0.138096
v 0.103752 1.562653 0.253069
v 0.075808 1.544557 0.256763
v 0.176165 1.548872 0.210071
v 0.277357 1.520963 -0.087159
v 0.264470 1.539398 0.040103
v 0.222595 1.546804 0.150085
v 0.250193 1.486887 -0.184576
v 0.037672 1.481725 -0.290195
v 0.170339 1.469895 -0.252092
v 0.119059 1.793363 0.177655
v 0.135834 1.343583 -0.257322
v 0.155226 1.449186 0.153831
v 0.179001 1.774279 -0.200155
v 0.139311 1.842099 0.088651
v 0.152435 1.857579 -0.018870
v 0.146376 1.844140 -0.127142
v 0.165735 1.404370 0.065000
v 0.179211 1.363224 -0.070806
v 0.190121 1.354201 -0.182746
v 0.192778 1.400142 -0.252844
v 0.211548 1.692580 -0.233905
v 0.122451 1.495120 0.221929
v 0.131342 1.608049 0.246892
v 0.125307 1.714522 0.227981
v 0.128013 1.546425 0.238624
v 0.207085 1.460753 -0.232130
v 0.210707 1.530853 -0.237533
v 0.221595 1.596706 -0.246292
v 0.179505 1.428388 -0.254625
v 0.150056 1.525417 0.220846
v 0.155527 1.629018 0.230621
v 0.153588 1.564428 0.227815
v 0.138583 1.468920 0.190360
v 0.173915 1.742712 -0.235483
v 0.162262 1.369800 -0.262768
v 0.159742 1.336522 -0.135697
v 0.139786 1.360130 -0.003969
v 0.132352 1.410670 0.116868
v 0.174232 1.838789 -0.070471
v 0.170812 1.838104 0.033968
v 0.149363 1.810453 0.130837
v 0.159888 1.813034 -0.170421
v 0.163654 1.341261 -0.225288
v 0.143002 1.747040 0.197620
v 0.063730 1.416118 0.170900
v 0.019763 1.814803 0.191846
v 0.204186 1.674269 0.183725
v 0.239724 1.651238 -0.215945
v 0.035600 1.328436 -0.275928
v 0.092147 1.803628 -0.233470
v 0.027266 1.876206 0.094834
v 0.033450 1.896904 -0.022588
v 0.034957 1.878415 -0.140108
v 0.053690 1.344924 0.057963
v 0.058255 1.304664 -0.077291
v 0.089166 1.301870 -0.197717
v 0.095296 1.404949 -0.290935
v 0.177256 1.504889 -0.246565
v 0.197332 1.636431 -0.261157
v 0.129708 1.688293 -0.277799
v 0.260614 1.679714 0.095812
v 0.285727 1.681626 -0.014873
v 0.273688 1.668657 -0.126828
v 0.019014 1.490198 0.243981
v 0.020047 1.605038 0.276409
v 0.019385 1.725734 0.251830
v 0.103129 1.685419 0.249111
v 0.206532 1.591448 0.190706
v 0.230568 1.535387 -0.218923
v 0.260331 1.590093 0.100692
v 0.290499 1.584464 -0.016920
v 0.279610 1.569625 -0.133497
v 0.105224 1.590613 0.258177
v 0.019628 1.543510 0.265364
v 0.105883 1.483917 -0.271238
v 0.152833 1.678892 0.223777
v 0.155676 1.591315 0.231732
v 0.196169 1.485181 -0.236857
v 0.037163 1.610746 -0.299033
v 0.220825 1.649422 -0.241385
v 0.073150 1.638084 -0.294444
v 0.035870 1.528481 -0.288127
v 0.130163 1.577331 0.244105
v 0.129864 1.655674 0.242036
v 0.034209 1.316770 -0.009512
v 0.071839 1.448127 -0.290812
v 0.047133 1.520913 0.255156
v 0.045106 1.767591 0.225023
v 0.076901 1.658376 0.261166
v 0.019894 1.658917 0.269881
v 0.048836 1.630446 0.269915
v 0.047984 1.688539 0.260608
v 0.077103 1.575695 0.263382
v 0.019895 1.573617 0.272691
v 0.048232 1.560949 0.265353
v 0.048887 1.588406 0.271173
v 0.043610 1.453379 0.213434
v 0.179137 1.651065 0.211517
v 0.179207 1.578356 0.213953
v 0.288117 1.649439 -0.072487
v 0.281206 1.654636 0.042698
v 0.235887 1.651591 0.147659
v 0.286952 1.561059 -0.080017
v 0.275498 1.573067 0.042468
v 0.231023 1.577507 0.151115
v 0.262189 1.627050 -0.179428
v 0.255159 1.534249 -0.181153
v 0.079137 1.749445 -0.269216
v 0.207001 1.500114 -0.231000
v 0.059400 1.363184 -0.292848
v 0.051160 1.292415 -0.143405
v 0.037459 1.375638 0.119802
v 0.063164 1.307776 -0.242357
v 0.066597 1.885770 -0.080347
v 0.062736 1.884642 0.037588
v 0.050569 1.845912 0.145935
v 0.062373 1.848495 -0.192029
v 0.057852 1.556046 -0.286984
v 0.198584 1.539054 -0.230296
v 0.208621 1.573646 -0.236939
v 0.162847 1.516071 -0.239216
v 0.188375 1.617514 -0.253702
v 0.147337 1.642873 -0.268638
v 0.111098 1.512980 -0.254054
v 0.098807 1.619725 -0.275919
v 0.078058 1.556683 -0.269179
v 0.168195 1.649633 -0.269478
v 0.208480 1.604524 -0.251000
v 0.083569 1.520762 -0.270119
v 0.072807 1.592882 -0.284781
v 0.139414 1.501976 -0.253522
v 0.115441 1.649919 -0.282874
v 0.218196 1.558353 -0.235778
v 0.191254 1.522416 -0.237937
v 0.173869 1.548607 -0.227507
v 0.181849 1.567485 -0.231203
v 0.152341 1.536862 -0.232729
v 0.170983 1.592854 -0.241133
v 0.147065 1.609341 -0.250102
v 0.122332 1.536598 -0.241598
v 0.117926 1.598523 -0.254293
v 0.103855 1.562896 -0.250498
v 0.166610 1.622481 -0.253685
v 0.194648 1.587333 -0.238717
v 0.196560 1.553360 -0.227337
v 0.089141 1.588719 -0.264712
v 0.127697 1.627445 -0.263415
v 0.175495 1.530999 -0.228707
v 0.136514 1.518662 -0.240577
v 0.094603 1.533995 -0.253268
v 0.055393 1.388745 -0.302512
v -0.028985 1.389002 -0.305186
v 0.037865 1.386716 -0.305259
v 0.000756 1.386653 -0.307887
v -0.015645 1.413850 -0.306579
v 0.042524 1.413314 -0.304829
v 0.058904 1.394199 -0.302053
v -0.032429 1.394692 -0.304854
v 0.024864 1.386598 -0.307114
v -0.011884 1.386831 -0.306864
v -0.093325 1.365676 -0.286790
v -0.177031 1.740131 0.174220
v -0.214660 1.737003 -0.180365
v -0.168593 1.356303 -0.230782
v -0.125927 1.825357 -0.186631
v -0.021243 1.853522 -0.196711
v -0.135441 1.822656 0.128314
v -0.149696 1.853529 0.026132
v -0.146115 1.854490 -0.083273
v -0.032018 1.850700 0.145214
v -0.032727 1.891516 0.035236
v -0.028817 1.892580 -0.084200
v -0.073754 1.313546 -0.245166
v -0.065424 1.378068 0.115032
v -0.064741 1.298820 -0.146651
v -0.165193 1.426757 0.106042
v -0.171381 1.381203 -0.012334
v -0.177281 1.355720 -0.144599
v -0.120282 1.365757 -0.279673
v -0.138356 1.744321 -0.256051
v -0.026518 1.759696 -0.276056
v -0.201246 1.396397 -0.221413
v -0.245382 1.555308 -0.198983
v -0.245028 1.656183 -0.193798
v -0.203881 1.470136 0.118491
v -0.224759 1.444203 0.003688
v -0.227248 1.417222 -0.129496
v -0.243293 1.591112 0.135808
v -0.281554 1.588002 0.025024
v -0.284321 1.578866 -0.095886
v -0.242322 1.676316 0.129461
v -0.279793 1.681957 0.023340
v -0.277890 1.677573 -0.090055
v -0.219459 1.742803 0.116695
v -0.246847 1.756514 0.019424
v -0.243728 1.754807 -0.083975
v -0.171353 1.474586 0.169436
v -0.193559 1.591454 0.203184
v -0.190058 1.675547 0.195944
v -0.081812 1.455093 0.205675
v -0.094289 1.589650 0.260308
v -0.092112 1.687298 0.250651
v -0.084970 1.764591 0.216811
v -0.090400 1.521203 0.245351
v -0.186158 1.527162 0.194665
v -0.261777 1.491712 -0.110044
v -0.257017 1.514186 0.020929
v -0.224922 1.524217 0.134225
v -0.227160 1.456398 -0.206961
v -0.016091 1.439348 -0.301446
v -0.138417 1.432247 -0.274277
v -0.016134 1.315439 -0.011284
v -0.182745 1.431765 -0.253810
v -0.140629 1.523455 0.224867
v -0.143220 1.682475 0.228846
v -0.146279 1.591105 0.237138
v -0.128442 1.462864 0.191057
v -0.176531 1.736012 -0.235128
v -0.009651 1.506268 -0.289621
v -0.208716 1.660663 -0.248950
v -0.163515 1.378519 -0.263003
v -0.120078 1.320688 -0.146438
v -0.104265 1.341819 -0.013110
v -0.112702 1.395586 0.110461
v -0.191276 1.821255 -0.080341
v -0.194538 1.820925 0.019571
v -0.178386 1.796827 0.113680
v -0.169645 1.798746 -0.174720
v -0.124980 1.329852 -0.239830
v -0.132917 1.754315 0.199938
v -0.180832 1.505373 -0.251746
v -0.024141 1.653853 -0.302428
v -0.196520 1.631246 -0.263435
v -0.144187 1.563534 0.232708
v -0.146063 1.630277 0.236115
v -0.050733 1.320106 -0.012342
v -0.080789 1.445392 -0.288473
v -0.035746 1.520717 0.256960
v -0.033218 1.770164 0.225775
v -0.094116 1.630991 0.259209
v -0.037339 1.629872 0.272229
v -0.036438 1.689579 0.262376
v -0.092849 1.561794 0.254882
v -0.036809 1.560177 0.267567
v -0.037431 1.587222 0.273631
v -0.031897 1.451989 0.214070
v -0.193445 1.627808 0.201971
v -0.190803 1.565193 0.200151
v -0.285120 1.622994 -0.092169
v -0.284405 1.628786 0.024952
v -0.245607 1.628154 0.133924
v -0.276231 1.543045 -0.101517
v -0.272227 1.558032 0.023638
v -0.236081 1.563800 0.135487
v -0.250400 1.602011 -0.198611
v -0.240372 1.512651 -0.197128
v -0.090751 1.745308 -0.269972
v -0.192647 1.485102 -0.241674
v -0.057515 1.374044 -0.296297
v -0.017996 1.288018 -0.146347
v -0.024177 1.373985 0.119050
v -0.019060 1.302859 -0.246470
v -0.092090 1.877981 -0.084681
v -0.095892 1.876798 0.031472
v -0.086644 1.840385 0.139077
v -0.076618 1.842936 -0.194231
v -0.016157 1.567019 -0.294929
v -0.173769 1.628807 -0.272344
v -0.051889 1.554395 -0.282533
v -0.091034 1.504109 -0.268464
v -0.123336 1.657395 -0.285679
v -0.191822 1.537907 -0.247936
v -0.151311 1.509888 -0.255088
v -0.070513 1.626369 -0.291314
v -0.200614 1.581380 -0.256055
v -0.165615 1.606310 -0.257764
v -0.182487 1.568971 -0.244364
v -0.087755 1.612616 -0.271726
v -0.130451 1.629804 -0.268326
v -0.141567 1.523319 -0.243846
v -0.172439 1.541173 -0.238146
v -0.068172 1.559327 -0.264786
v -0.096867 1.521322 -0.253686
v -0.129189 1.568653 -0.247985
v 0.165803 1.740131 0.185444
v 0.226543 1.737003 -0.165921
v 0.184815 1.354373 -0.219327
v 0.138410 1.825357 -0.177977
v 0.034610 1.853522 -0.194883
v 0.127304 1.822656 0.136916
v 0.148212 1.853529 0.035885
v 0.151794 1.854490 -0.073521
v 0.022997 1.850700 0.147015
v 0.030898 1.891516 0.037319
v 0.034808 1.892580 -0.082117
v 0.090315 1.313534 -0.239799
v 0.058306 1.378068 0.119082
v 0.074740 1.298820 -0.142085
v 0.158449 1.426757 0.116637
v 0.172367 1.381203 -0.001080
v 0.186943 1.355636 -0.132677
v 0.139115 1.365610 -0.271258
v 0.155352 1.744321 -0.246435
v 0.045063 1.759696 -0.273712
v 0.218532 1.393365 -0.209318
v 0.258417 1.555308 -0.182490
v 0.257724 1.656183 -0.177339
v 0.196240 1.470136 0.131590
v 0.224582 1.444203 0.018399
v 0.235893 1.417089 -0.114405
v 0.234436 1.591112 0.151448
v 0.279860 1.588002 0.043404
v 0.290530 1.578866 -0.077066
v 0.233882 1.676316 0.145051
v 0.278213 1.681957 0.041608
v 0.283730 1.677573 -0.071669
v 0.211902 1.742803 0.130817
v 0.245594 1.756514 0.035546
v 0.249244 1.754807 -0.067836
v 0.160450 1.474586 0.180299
v 0.180401 1.591454 0.215427
v 0.177381 1.675547 0.207973
v 0.068730 1.455093 0.210603
v 0.077607 1.589650 0.265936
v 0.076067 1.687298 0.256157
v 0.071153 1.764591 0.221923
v 0.074704 1.521203 0.250756
v 0.173573 1.527162 0.206442
v 0.269043 1.491656 -0.092738
v 0.255643 1.514186 0.037713
v 0.216207 1.524217 0.148667
v 0.242681 1.455125 -0.193236
v 0.040676 1.438978 -0.299687
v 0.156770 1.432176 -0.264691
v 0.017383 1.315439 -0.010187
v 0.201426 1.430492 -0.242890
v 0.126166 1.523455 0.233601
v 0.128491 1.682475 0.237741
v 0.131002 1.591105 0.246215
v 0.116217 1.462864 0.199066
v 0.192078 1.736012 -0.223061
v 0.029360 1.506247 -0.288349
v 0.225097 1.660663 -0.234747
v 0.183602 1.375486 -0.253287
v 0.129946 1.320685 -0.138252
v 0.105445 1.341819 -0.006244
v 0.105781 1.395586 0.117614
v 0.196667 1.821255 -0.067641
v 0.193387 1.820925 0.032271
v 0.171114 1.796827 0.125122
v 0.181255 1.798746 -0.163232
v 0.140989 1.329768 -0.231125
v 0.120101 1.754315 0.208221
v 0.197459 1.505371 -0.239364
v 0.044416 1.653853 -0.300184
v 0.213875 1.631246 -0.250000
v 0.129203 1.563534 0.241658
v 0.130852 1.630277 0.245181
v 0.051977 1.320106 -0.008979
v 0.101990 1.445028 -0.282626
v 0.019408 1.520717 0.258766
v 0.018926 1.770164 0.227482
v 0.077507 1.630991 0.264828
v 0.019999 1.629872 0.274106
v 0.019745 1.689579 0.264215
v 0.076525 1.561794 0.260427
v 0.019776 1.560177 0.269420
v 0.019999 1.587222 0.275511
v 0.018373 1.451989 0.215716
v 0.180366 1.627808 0.214209
v 0.177849 1.565193 0.212220
v 0.291084 1.622994 -0.073305
v 0.282710 1.628786 0.043519
v 0.236867 1.628154 0.149720
v 0.282829 1.543043 -0.083217
v 0.270644 1.558032 0.041411
v 0.227260 1.563800 0.150655
v 0.263400 1.602011 -0.181791
v 0.253379 1.512599 -0.181035
v 0.108760 1.745309 -0.263440
v 0.208669 1.485050 -0.228608
v 0.081018 1.373720 -0.291881
v 0.028075 1.288018 -0.144838
v 0.016884 1.373985 0.120394
v 0.035828 1.302855 -0.244674
v 0.097977 1.877981 -0.078459
v 0.094174 1.876798 0.037695
v 0.077907 1.840385 0.144464
v 0.089703 1.842936 -0.188786
v 0.035969 1.567018 -0.293223
v 0.191756 1.628807 -0.260378
v 0.070814 1.554393 -0.278516
v 0.109011 1.504096 -0.261920
v 0.142303 1.657395 -0.276983
v 0.208174 1.537907 -0.234841
v 0.168219 1.509888 -0.244628
v 0.089961 1.626369 -0.286060
v 0.217478 1.581380 -0.242368
v 0.182666 1.606310 -0.246362
v 0.198624 1.568971 -0.231887
v 0.105886 1.612616 -0.265386
v 0.148268 1.629804 -0.259201
v 0.157759 1.523319 -0.234046
v 0.188192 1.541173 -0.226339
v 0.085890 1.559327 -0.259743
v 0.113798 1.521322 -0.246790
v 0.145678 1.568653 -0.238987
v 0.036038 1.365578 -0.298091
v -0.012429 1.365661 -0.299660
v 0.013677 1.399158 -0.308764
vn -0.7106 -0.5159 -0.4785
vn -0.6762 0.5418 -0.4992
vn -0.5901 -0.6724 0.4469
vn -0.6676 0.5376 0.5151
vn -0.3290 -0.7481 0.5763
vn -0.0208 -0.7718 0.6355
vn -0.0232 0.7058 0.7081
vn -0.3746 0.6602 0.6510
vn -0.7314 0.3406 0.5908
vn -0.7914 0.0023 0.6113
vn -0.7362 -0.4414 0.5130
vn -0.7913 -0.6018 -0.1083
vn -0.7359 -0.6618 0.1431
vn -0.6862 -0.6649 0.2950
vn -0.7406 0.6091 0.2837
vn -0.7696 0.6379 -0.0272
vn -0.7352 0.5993 -0.3169
vn -0.7705 0.3710 -0.5184
vn -0.6622 -0.1845 -0.7263
vn -0.7562 -0.1635 -0.6336
vn 0.0238 -0.6587 -0.7521
vn -0.2261 -0.6459 -0.7292
vn -0.2942 0.6226 -0.7251
vn 0.0245 0.6639 -0.7474
vn -0.4038 0.8560 0.3229
vn -0.4063 0.9137 -0.0047
vn -0.3848 0.8635 -0.3259
vn -0.0116 0.9356 0.3529
vn -0.0003 1.0000 0.0084
vn 0.0108 0.9438 -0.3304
vn -0.0133 -0.9136 0.4064
vn -0.0067 -0.9787 0.2051
vn 0.0051 -0.9874 -0.1579
vn -0.3487 -0.8682 0.3530
vn -0.3562 -0.9167 0.1810
vn -0.3606 -0.9273 -0.1006
vn -0.2405 -0.0150 -0.9705
vn 0.0332 0.1863 -0.9819
vn -0.2945 0.2011 -0.9343
vn 0.0317 0.2499 -0.9678
vn -0.8588 -0.4315 0.2761
vn -0.8919 -0.4399 0.1048
vn -0.9121 -0.3551 -0.2048
vn -0.9389 -0.0761 0.3356
vn -0.9989 -0.0432 0.0195
vn -0.9464 -0.0194 -0.3223
vn -0.8701 0.3749 0.3201
vn -0.9162 0.3992 -0.0344
vn -0.8560 0.3852 -0.3447
vn -0.0280 -0.5175 0.8552
vn -0.3409 -0.5028 0.7943
vn -0.0327 0.0211 0.9992
vn -0.4082 0.0168 0.9127
vn -0.0299 0.4054 0.9136
vn -0.3907 0.3866 0.8354
vn -0.8001 -0.1948 0.5673
vn -0.7009 -0.0160 -0.7131
vn -0.2251 0.2463 -0.9427
vn 0.0306 0.1733 -0.9844
vn -0.8983 -0.3168 0.3046
vn -0.9517 -0.2981 0.0734
vn -0.9384 -0.1909 -0.2880
vn -0.0316 -0.2624 0.9644
vn -0.3867 -0.2193 0.8957
vn 0.0141 0.2576 -0.9661
vn -0.2949 -0.1556 -0.9428
vn -0.5480 0.5971 0.5858
vn -0.4612 -0.6458 -0.6084
vn -0.4767 -0.7170 0.5086
vn -0.5117 0.6134 -0.6016
vn -0.5870 0.7517 0.3007
vn -0.5953 0.8034 -0.0152
vn -0.5757 0.7540 -0.3162
vn -0.4969 -0.8005 0.3349
vn -0.4860 -0.8538 0.1866
vn -0.5639 -0.8222 -0.0774
vn -0.4175 -0.0396 -0.9078
vn -0.5021 0.3336 -0.7978
vn 0.0326 -0.0733 -0.9968
vn -0.5088 -0.4809 0.7140
vn -0.5849 0.0192 0.8109
vn -0.5691 0.3598 0.7394
vn 0.0324 -0.0904 -0.9954
vn -0.5612 -0.1928 0.8049
vn -0.4507 0.1076 -0.8862
vn -0.1606 -0.7635 0.6255
vn -0.2018 0.6952 0.6899
vn -0.7756 0.1256 0.6187
vn -0.7895 0.0884 -0.6074
vn -0.1445 -0.6444 -0.7509
vn -0.1806 0.6296 -0.7556
vn -0.2271 0.9140 0.3363
vn -0.2306 0.9731 0.0016
vn -0.2029 0.9221 -0.3296
vn -0.1083 -0.9098 0.4007
vn -0.1953 -0.9621 0.1903
vn -0.2156 -0.9645 -0.1525
vn -0.2031 0.0867 -0.9753
vn -0.1668 0.1568 -0.9734
vn -0.9370 0.0869 0.3384
vn -0.9938 0.1106 -0.0107
vn -0.9347 0.1452 -0.3244
vn -0.1750 -0.5128 0.8405
vn -0.2271 0.0193 0.9737
vn -0.2044 0.3994 0.8937
vn -0.0323 0.1641 0.9859
vn -0.4028 0.1492 0.9030
vn -0.7912 -0.1718 0.5869
vn -0.7060 -0.1471 -0.6927
vn -0.9009 -0.2939 0.3193
vn -0.9658 -0.2543 0.0500
vn -0.9346 -0.1491 -0.3230
vn -0.0319 -0.2245 0.9739
vn -0.4003 -0.1860 0.8973
vn -0.2118 -0.2455 0.9460
vn -0.2389 0.1056 -0.9653
vn -0.5837 0.1425 0.7994
vn -0.5721 -0.1618 0.8041
vn -0.5340 -0.1112 -0.8381
vn -0.2421 -0.1538 -0.9580
vn -0.2143 0.1569 0.9641
vn -0.2269 -0.2080 0.9514
vn 0.4245 -0.0324 -0.9049
vn 0.0713 -0.5044 -0.8605
vn -0.1330 0.6203 -0.7730
vn 0.2258 0.5582 -0.7984
vn 0.2784 -0.4364 -0.8556
vn -0.2936 -0.4891 -0.8213
vn -0.6272 0.2975 -0.7198
vn -0.6671 -0.2812 -0.6899
vn 0.0112 -0.1954 -0.9807
vn -0.0303 -0.3783 -0.9252
vn -0.2333 0.1630 -0.9587
vn -0.1161 0.0681 -0.9909
vn 0.0411 -0.3634 -0.9307
vn -0.2085 -0.3689 -0.9058
vn -0.3332 -0.0162 -0.9427
vn -0.3519 -0.2493 -0.9023
vn 0.7031 -0.5977 -0.3851
vn 0.7074 0.5418 -0.4539
vn 0.5596 -0.6724 0.4845
vn 0.6325 0.5376 0.5576
vn 0.2906 -0.7481 0.5965
vn 0.3312 0.6602 0.6741
vn 0.6912 0.3406 0.6374
vn 0.7497 0.0023 0.6617
vn 0.7010 -0.4414 0.5601
vn 0.7840 -0.6206 -0.0128
vn 0.7246 -0.6619 0.1922
vn 0.6654 -0.6649 0.3392
vn 0.7205 0.6091 0.3316
vn 0.7698 0.6379 0.0232
vn 0.7543 0.5993 -0.2681
vn 0.8027 0.3710 -0.4669
vn 0.7083 -0.1845 -0.6814
vn 0.7921 -0.1435 -0.5933
vn 0.2761 -0.6498 -0.7082
vn 0.3410 0.6226 -0.7043
vn 0.3818 0.8560 0.3487
vn 0.4057 0.9137 0.0218
vn 0.4053 0.8635 -0.3001
vn 0.3249 -0.8682 0.3750
vn 0.3436 -0.9167 0.2039
vn 0.3658 -0.9276 -0.0763
vn 0.3170 -0.0165 -0.9483
vn 0.3550 0.2011 -0.9130
vn 0.8389 -0.4315 0.3316
vn 0.8829 -0.4400 0.1638
vn 0.9281 -0.3550 -0.1125
vn 0.9149 -0.0761 0.3963
vn 0.9955 -0.0432 0.0848
vn 0.9655 -0.0194 -0.2597
vn 0.8473 0.3749 0.3763
vn 0.9165 0.3992 0.0256
vn 0.8767 0.3852 -0.2880
vn 0.2882 -0.5028 0.8149
vn 0.3476 0.0168 0.9375
vn 0.3352 0.3866 0.8592
vn 0.7613 -0.1948 0.6185
vn 0.7334 0.0423 -0.6785
vn 0.2876 0.2480 -0.9251
vn 0.8764 -0.3167 0.3627
vn 0.9449 -0.2981 0.1356
vn 0.9583 -0.1779 -0.2238
vn 0.3273 -0.2193 0.9191
vn 0.0491 0.2577 -0.9650
vn 0.3559 -0.1557 -0.9215
vn 0.5085 0.5971 0.6204
vn 0.4516 -0.6755 -0.5829
vn 0.4425 -0.7170 0.5387
vn 0.5499 0.6134 -0.5668
vn 0.5660 0.7517 0.3384
vn 0.5950 0.8034 0.0238
vn 0.5952 0.7540 -0.2779
vn 0.4740 -0.8005 0.3667
vn 0.4725 -0.8539 0.2182
vn 0.5528 -0.8329 -0.0279
vn 0.4173 -0.0202 -0.9086
vn 0.5532 0.3336 -0.7633
vn 0.4610 -0.4809 0.7458
vn 0.5306 0.0192 0.8474
vn 0.5195 0.3598 0.7750
vn 0.5073 -0.1928 0.8399
vn 0.4909 0.1325 -0.8611
vn 0.1194 -0.7635 0.6347
vn 0.1563 0.6952 0.7016
vn 0.7334 0.1256 0.6681
vn 0.8275 0.0884 -0.5545
vn 0.1926 -0.6511 -0.7341
vn 0.2297 0.6296 -0.7422
vn 0.2046 0.9140 0.3504
vn 0.2300 0.9731 0.0167
vn 0.2240 0.9221 -0.3156
vn 0.0818 -0.9098 0.4069
vn 0.1825 -0.9621 0.2027
vn 0.2251 -0.9646 -0.1376
vn 0.2694 0.1172 -0.9559
vn 0.2301 0.1568 -0.9605
vn 0.9129 0.0869 0.3989
vn 0.9924 0.1106 0.0544
vn 0.9539 0.1452 -0.2626
vn 0.1197 -0.5128 0.8501
vn 0.1629 0.0193 0.9865
vn 0.1455 0.3994 0.9052
vn 0.3429 0.1492 0.9274
vn 0.7512 -0.1718 0.6374
vn 0.7493 -0.1439 -0.6464
vn 0.8781 -0.2939 0.3775
vn 0.9605 -0.2543 0.1131
vn 0.9538 -0.1483 -0.2612
vn 0.3408 -0.1860 0.9216
vn 0.1495 -0.2455 0.9578
vn 0.3025 0.1138 -0.9463
vn 0.5301 0.1425 0.8359
vn 0.5183 -0.1618 0.8398
vn 0.5874 -0.1074 -0.8022
vn 0.3042 -0.1537 -0.9401
vn 0.1508 0.1569 0.9760
vn 0.1642 -0.2081 0.9642
vn -0.3644 -0.0324 -0.9307
vn -0.0148 -0.5044 -0.8633
vn 0.1833 0.6203 -0.7626
vn -0.1731 0.5582 -0.8114
vn -0.2218 -0.4364 -0.8720
vn 0.3467 -0.4891 -0.8004
vn 0.6738 0.2983 -0.6760
vn 0.7108 -0.2812 -0.6447
vn 0.0529 -0.1954 -0.9793
vn 0.0907 -0.3783 -0.9212
vn 0.2955 0.1630 -0.9413
vn 0.1807 0.0681 -0.9812
vn 0.0199 -0.3634 -0.9314
vn 0.2673 -0.3689 -0.8902
vn 0.3941 -0.0163 -0.9189
vn 0.4101 -0.2493 -0.8773
vn 0.1899 -0.2891 -0.9383
vn 0.0308 -0.2827 -0.9587
vn -0.1327 -0.2709 -0.9534
vn -0.1589 -0.0552 -0.9857
vn 0.2196 -0.0525 -0.9742
vn 0.2483 -0.0296 -0.9682
vn -0.1739 -0.0125 -0.9847
vn 0.2941 0.1306 -0.9468
vn -0.2460 0.1789 -0.9526
vn -0.5938 0.5775 0.5603
vn -0.6608 -0.5779 0.4789
vn -0.6407 -0.6711 0.3730
vn -0.7041 0.5699 -0.4236
vn -0.7515 -0.3352 -0.5683
vn -0.5808 -0.6041 -0.5457
vn -0.4305 -0.7286 0.5327
vn -0.1126 -0.7682 0.6302
vn -0.2592 0.6874 0.6784
vn -0.6982 0.4518 0.5553
vn -0.7835 0.0842 0.6157
vn -0.7864 -0.2826 0.5493
vn -0.7738 -0.5589 -0.2980
vn -0.7667 -0.6408 0.0406
vn -0.7130 -0.6653 0.2215
vn -0.7068 0.5751 0.4118
vn -0.7636 0.6321 0.1316
vn -0.7591 0.6254 -0.1807
vn -0.7190 0.4676 -0.5142
vn -0.7805 0.0042 -0.6252
vn -0.7282 -0.0525 -0.6834
vn -0.1627 -0.6282 -0.7608
vn -0.4184 0.6170 -0.6665
vn -0.1244 0.6487 -0.7508
vn -0.3478 0.7834 -0.5151
vn -0.3892 0.7773 0.4943
vn -0.4080 0.8997 0.1552
vn -0.4000 0.9019 -0.1630
vn 0.0174 0.8478 -0.5301
vn -0.0176 0.8429 0.5377
vn -0.0058 0.9844 0.1758
vn 0.0052 0.9874 -0.1579
vn -0.6527 0.7007 0.2882
vn -0.6705 0.7416 -0.0209
vn -0.6466 0.6963 -0.3114
vn -0.2854 0.8998 0.3301
vn -0.2881 0.9576 -0.0000
vn -0.2626 0.9079 -0.3267
vn 0.0150 -0.8821 -0.4707
vn -0.0168 -0.8580 0.5134
vn -0.0020 -0.9981 0.0618
vn -0.3111 -0.8572 -0.4104
vn -0.3394 -0.8169 0.4663
vn -0.3542 -0.9001 0.2537
vn -0.3601 -0.9287 0.0889
vn -0.0569 -0.9124 0.4054
vn -0.0924 -0.9755 0.1998
vn -0.1382 -0.9774 -0.1599
vn -0.4465 -0.8290 0.3369
vn -0.4080 -0.8937 0.1867
vn -0.4619 -0.8829 -0.0843
vn -0.3096 -0.0298 -0.9504
vn -0.0153 0.1365 -0.9905
vn -0.4131 0.2866 -0.8644
vn -0.1095 0.2321 -0.9665
vn 0.0281 -0.4537 -0.8907
vn -0.2664 0.1635 -0.9499
vn 0.0304 0.2363 -0.9712
vn -0.2674 0.4265 -0.8640
vn 0.0293 0.4422 -0.8964
vn -0.8675 -0.2749 -0.4146
vn -0.8261 -0.4288 0.3655
vn -0.8723 -0.4441 0.2044
vn -0.9123 -0.4084 -0.0316
vn -0.8717 -0.0924 -0.4812
vn -0.8807 -0.0387 0.4722
vn -0.9808 -0.0752 0.1800
vn -0.9884 -0.0122 -0.1516
vn -0.8122 0.3696 -0.4513
vn -0.8107 0.3527 0.4674
vn -0.9084 0.3921 0.1453
vn -0.8959 0.3962 -0.2009
vn -0.7955 -0.5391 0.2767
vn -0.8320 -0.5416 0.1200
vn -0.8708 -0.4665 -0.1552
vn -0.8905 -0.3509 0.2898
vn -0.9318 -0.3520 0.0891
vn -0.9322 -0.2626 -0.2489
vn -0.9407 0.0308 0.3379
vn -0.9983 0.0578 0.0033
vn -0.9432 0.0819 -0.3220
vn -0.8090 0.5070 0.2974
vn -0.8467 0.5311 -0.0328
vn -0.8003 0.4988 -0.3329
vn -0.5999 -0.4629 0.6525
vn -0.2302 -0.5102 0.8287
vn -0.6708 0.0186 0.7414
vn -0.2879 0.0176 0.9575
vn -0.6367 0.3470 0.6887
vn -0.2665 0.3955 0.8789
vn -0.0246 -0.6581 0.7525
vn -0.3236 -0.6521 0.6856
vn -0.0305 -0.3611 0.9320
vn -0.3697 -0.3245 0.8706
vn -0.0325 0.1196 0.9923
vn -0.4053 0.1049 0.9081
vn -0.0272 0.5555 0.8310
vn -0.3776 0.5272 0.7612
vn -0.7964 -0.1837 0.5762
vn -0.6889 -0.0365 -0.7240
vn 0.0322 0.0436 -0.9985
vn -0.8984 -0.3085 0.3125
vn -0.9591 -0.2764 0.0612
vn -0.9367 -0.1520 -0.3154
vn -0.0317 -0.2427 0.9696
vn -0.3946 -0.1992 0.8970
vn -0.2714 -0.2319 0.9341
vn -0.6620 -0.1842 0.7265
vn -0.9632 -0.2516 -0.0944
vn -0.9224 -0.3281 0.2039
vn -0.8796 -0.2551 0.4015
vn -0.8555 -0.1123 -0.5055
vn -0.0812 0.1654 -0.9829
vn -0.3552 0.1035 -0.9290
vn -0.0101 -0.9514 0.3079
vn -0.4902 0.6204 0.6122
vn -0.3416 -0.6545 -0.6745
vn -0.5104 -0.7074 0.4890
vn -0.5933 0.5904 -0.5471
vn -0.5238 0.7926 0.3121
vn -0.5282 0.8490 -0.0107
vn -0.5090 0.7981 -0.3223
vn -0.5659 -0.7589 0.3224
vn -0.6026 -0.7798 0.1696
vn -0.6735 -0.7347 -0.0814
vn -0.5816 -0.0736 -0.8101
vn -0.6553 0.3782 -0.6539
vn 0.0326 0.0690 -0.9971
vn -0.4492 -0.4914 0.7462
vn -0.5237 0.0171 0.8517
vn -0.5091 0.3722 0.7760
vn -0.4980 -0.2056 0.8425
vn -0.5333 0.0757 -0.8426
vn -0.2642 -0.0346 -0.9638
vn -0.4668 -0.1332 -0.8743
vn -0.4238 0.1279 -0.8967
vn -0.5443 -0.2961 0.7849
vn -0.5845 0.1016 0.8050
vn -0.5678 -0.1740 0.8046
vn -0.4786 -0.6339 0.6076
vn -0.4894 0.4898 -0.7215
vn -0.4233 -0.3711 -0.8265
vn -0.5239 -0.8470 0.0902
vn -0.4885 -0.8329 0.2601
vn -0.4889 -0.7651 0.4191
vn -0.5905 0.7892 -0.1689
vn -0.5950 0.7909 0.1430
vn -0.5666 0.6889 0.4520
vn -0.5490 0.7014 -0.4545
vn -0.5342 -0.7813 -0.3228
vn -0.5512 0.4871 0.6775
vn -0.2185 -0.7596 0.6126
vn -0.1424 0.7007 0.6991
vn -0.7615 0.2070 0.6142
vn -0.8063 0.2121 -0.5522
vn -0.0869 -0.6472 -0.7574
vn -0.2067 0.6240 -0.7536
vn -0.1575 0.9255 0.3444
vn -0.1572 0.9876 0.0035
vn -0.1337 0.9336 -0.3323
vn -0.2102 -0.9001 0.3815
vn -0.2913 -0.9391 0.1821
vn -0.2697 -0.9541 -0.1303
vn -0.2161 0.0208 -0.9762
vn -0.1261 0.2525 -0.9593
vn -0.3392 0.0166 -0.9406
vn -0.1926 0.2064 -0.9593
vn -0.9205 0.2013 0.3349
vn -0.9742 0.2241 -0.0251
vn -0.9091 0.2442 -0.3376
vn -0.1267 -0.5151 0.8477
vn -0.1637 0.0206 0.9863
vn -0.1463 0.4029 0.9035
vn -0.0316 0.2552 0.9664
vn -0.3995 0.2399 0.8848
vn -0.7924 -0.1080 0.6003
vn -0.7187 -0.2491 -0.6491
vn -0.9196 -0.2160 0.3283
vn -0.9836 -0.1769 0.0363
vn -0.9395 -0.1204 -0.3207
vn -0.0324 -0.1295 0.9911
vn -0.4066 -0.1098 0.9070
vn -0.1531 -0.2575 0.9541
vn -0.2621 0.2562 -0.9304
vn -0.5811 0.2247 0.7822
vn -0.5794 -0.0956 0.8094
vn -0.4975 -0.0502 -0.8660
vn -0.0636 -0.0949 -0.9935
vn -0.6171 0.1383 -0.7746
vn -0.1921 -0.0650 -0.9792
vn -0.0703 -0.0765 -0.9946
vn -0.5117 -0.1731 0.8415
vn -0.5217 0.1449 0.8407
vn -0.1359 -0.9471 0.2909
vn -0.1830 0.1855 -0.9655
vn -0.1957 -0.3473 0.9171
vn -0.1997 0.5482 0.8121
vn -0.2768 0.1531 0.9487
vn -0.1542 0.1615 0.9748
vn -0.2199 0.1134 0.9689
vn -0.2095 0.2494 0.9455
vn -0.2853 -0.1972 0.9379
vn -0.1631 -0.2189 0.9620
vn -0.2211 -0.2235 0.9493
vn -0.2305 -0.1211 0.9655
vn -0.1650 -0.6566 0.7360
vn -0.6631 0.1384 0.7357
vn -0.6647 -0.1553 0.7308
vn -0.9751 0.1350 -0.1762
vn -0.9825 0.0904 0.1626
vn -0.8676 0.1035 0.4864
vn -0.9717 -0.2004 -0.1255
vn -0.9348 -0.2978 0.1935
vn -0.8674 -0.2339 0.4392
vn -0.8849 0.1221 -0.4495
vn -0.8417 -0.1290 -0.5244
vn -0.1774 0.4017 -0.8984
vn -0.5659 -0.1148 -0.8165
vn -0.1392 -0.4281 -0.8929
vn -0.2244 -0.9728 0.0568
vn -0.1345 -0.8482 0.5123
vn -0.1825 -0.8670 -0.4636
vn -0.2205 0.9623 -0.1593
vn -0.2327 0.9587 0.1633
vn -0.2144 0.8274 0.5190
vn -0.1840 0.8240 -0.5358
vn 0.0324 -0.1309 -0.9909
vn -0.2964 -0.1096 -0.9487
vn 0.3913 0.3254 -0.8608
vn 0.3469 -0.3157 -0.8832
vn 0.0364 0.6280 -0.7774
vn 0.2020 -0.4821 -0.8525
vn -0.1108 -0.5034 -0.8569
vn -0.3582 0.5377 -0.7633
vn -0.4813 -0.4455 -0.7549
vn -0.7404 -0.0245 -0.6717
vn -0.1323 -0.1914 -0.9726
vn 0.1049 -0.4051 -0.9083
vn -0.5119 0.2031 -0.8347
vn -0.5268 -0.2278 -0.8189
vn -0.1533 0.4826 -0.8623
vn -0.2497 -0.1881 -0.9499
vn -0.0265 -0.1245 -0.9919
vn 0.2429 0.5288 -0.8133
vn -0.1055 -0.1031 -0.9891
vn -0.0348 -0.2988 -0.9537
vn -0.2024 0.0231 -0.9790
vn -0.0344 -0.3287 -0.9438
vn -0.1172 -0.3390 -0.9335
vn -0.2446 0.0200 -0.9694
vn -0.2548 -0.2948 -0.9210
vn -0.3174 -0.1552 -0.9355
vn 0.0604 -0.4852 -0.8723
vn 0.2081 -0.4078 -0.8890
vn 0.2956 -0.0739 -0.9524
vn -0.5709 -0.2942 -0.7665
vn -0.2649 -0.5070 -0.8202
vn 0.0660 0.3714 -0.9261
vn -0.1786 0.4564 -0.8717
vn -0.5436 0.1917 -0.8172
vn 0.5559 0.5775 0.5980
vn 0.6281 -0.5779 0.5211
vn 0.6149 -0.6711 0.4141
vn 0.7303 0.5699 -0.3766
vn 0.7734 -0.3816 -0.5061
vn 0.5511 -0.6717 -0.4951
vn 0.3948 -0.7286 0.5598
vn 0.0712 -0.7682 0.6362
vn 0.2143 0.6874 0.6939
vn 0.6604 0.4518 0.5997
vn 0.7415 0.0842 0.6656
vn 0.7488 -0.2826 0.5995
vn 0.7693 -0.6143 -0.1758
vn 0.7586 -0.6434 0.1028
vn 0.6970 -0.6653 0.2676
vn 0.6784 0.5751 0.4572
vn 0.7534 0.6321 0.1813
vn 0.7693 0.6254 -0.1306
vn 0.7511 0.4676 -0.4661
vn 0.8197 0.0042 -0.5728
vn 0.7614 0.0113 -0.6482
vn 0.2161 -0.6349 -0.7417
vn 0.4611 0.6170 -0.6377
vn 0.1733 0.6487 -0.7410
vn 0.3807 0.7834 -0.4913
vn 0.3560 0.7773 0.5187
vn 0.3970 0.8997 0.1815
vn 0.4098 0.9019 -0.1365
vn 0.6324 0.7007 0.3303
vn 0.6705 0.7416 0.0230
vn 0.6656 0.6963 -0.2685
vn 0.2632 0.8998 0.3480
vn 0.2875 0.9576 0.0188
vn 0.2834 0.9079 -0.3088
vn 0.3367 -0.8583 -0.3873
vn 0.3081 -0.8169 0.4875
vn 0.3369 -0.9001 0.2763
vn 0.3534 -0.9287 0.1122
vn 0.0303 -0.9124 0.4083
vn 0.0791 -0.9755 0.2054
vn 0.1482 -0.9775 -0.1503
vn 0.4235 -0.8290 0.3653
vn 0.3949 -0.8937 0.2130
vn 0.4613 -0.8858 -0.0508
vn 0.3575 -0.0249 -0.9336
vn 0.0767 0.1414 -0.9870
vn 0.4688 0.2866 -0.8355
vn 0.1725 0.2321 -0.9573
vn 0.2799 -0.3404 -0.8976
vn 0.3358 0.1653 -0.9273
vn 0.3234 0.4265 -0.8447
vn 0.9090 -0.2689 -0.3183
vn 0.8005 -0.4288 0.4187
vn 0.8571 -0.4441 0.2610
vn 0.9119 -0.4086 0.0376
vn 0.9013 -0.0924 -0.4232
vn 0.8479 -0.0387 0.5287
vn 0.9669 -0.0752 0.2438
vn 0.9962 -0.0122 -0.0867
vn 0.8400 0.3696 -0.3972
vn 0.7783 0.3527 0.5194
vn 0.8969 0.3921 0.2044
vn 0.9071 0.3962 -0.1419
vn 0.7757 -0.5391 0.3281
vn 0.8220 -0.5418 0.1754
vn 0.8754 -0.4805 -0.0530
vn 0.8696 -0.3509 0.3474
vn 0.9239 -0.3519 0.1503
vn 0.9527 -0.2493 -0.1739
vn 0.9166 0.0308 0.3987
vn 0.9960 0.0578 0.0686
vn 0.9622 0.0819 -0.2596
vn 0.7878 0.5070 0.3497
vn 0.8470 0.5311 0.0227
vn 0.8203 0.4988 -0.2798
vn 0.5559 -0.4629 0.6904
vn 0.1755 -0.5102 0.8419
vn 0.6209 0.0186 0.7837
vn 0.2247 0.0176 0.9743
vn 0.5903 0.3470 0.7288
vn 0.2085 0.3955 0.8945
vn 0.2780 -0.6521 0.7053
vn 0.3120 -0.3245 0.8929
vn 0.3450 0.1049 0.9327
vn 0.3270 0.5272 0.7843
vn 0.7570 -0.1837 0.6271
vn 0.7294 -0.0126 -0.6840
vn 0.8761 -0.3085 0.3706
vn 0.9530 -0.2764 0.1238
vn 0.9561 -0.1466 -0.2537
vn 0.3351 -0.1992 0.9209
vn 0.2098 -0.2319 0.9498
vn 0.6130 -0.1842 0.7683
vn 0.9678 -0.2498 -0.0300
vn 0.9071 -0.3281 0.2638
vn 0.8515 -0.2551 0.4581
vn 0.8893 -0.0743 -0.4512
vn 0.1438 0.1729 -0.9744
vn 0.4121 0.1096 -0.9045
vn 0.4492 0.6204 0.6430
vn 0.3715 -0.6613 -0.6516
vn 0.4773 -0.7074 0.5213
vn 0.6279 0.5904 -0.5072
vn 0.5023 0.7926 0.3457
vn 0.5278 0.8490 0.0239
vn 0.5290 0.7981 -0.2884
vn 0.5436 -0.7589 0.3587
vn 0.5899 -0.7798 0.2095
vn 0.6597 -0.7515 -0.0077
vn 0.5745 -0.0482 -0.8171
vn 0.6966 0.3782 -0.6097
vn 0.3994 -0.4914 0.7740
vn 0.4669 0.0171 0.8841
vn 0.4573 0.3722 0.8077
vn 0.4418 -0.2056 0.8732
vn 0.5595 0.1260 -0.8192
vn 0.3267 -0.0345 -0.9445
vn 0.5230 -0.1332 -0.8419
vn 0.4410 0.1582 -0.8834
vn 0.4918 -0.2961 0.8188
vn 0.5306 0.1016 0.8415
vn 0.5139 -0.1740 0.8400
vn 0.4378 -0.6339 0.6376
vn 0.5356 0.4898 -0.6879
vn 0.4199 -0.3822 -0.8231
vn 0.5139 -0.8484 0.1269
vn 0.4704 -0.8329 0.2914
vn 0.4604 -0.7651 0.4502
vn 0.6003 0.7892 -0.1299
vn 0.5843 0.7909 0.1816
vn 0.5359 0.6889 0.4881
vn 0.5776 0.7014 -0.4176
vn 0.5174 -0.8121 -0.2696
vn 0.5057 0.4871 0.7121
vn 0.1780 -0.7596 0.6256
vn 0.0964 0.7007 0.7069
vn 0.7197 0.2070 0.6627
vn 0.8407 0.2121 -0.4983
vn 0.1343 -0.6510 -0.7471
vn 0.2556 0.6240 -0.7384
vn 0.1346 0.9255 0.3540
vn 0.1566 0.9876 0.0138
vn 0.1552 0.9336 -0.3228
vn 0.1848 -0.9001 0.3945
vn 0.2788 -0.9391 0.2007
vn 0.2776 -0.9541 -0.1119
vn 0.3107 0.0253 -0.9502
vn 0.1886 0.2531 -0.9489
vn 0.4000 0.0166 -0.9164
vn 0.2549 0.2064 -0.9447
vn 0.8966 0.2013 0.3944
vn 0.9738 0.2241 0.0387
vn 0.9292 0.2442 -0.2774
vn 0.0710 -0.5151 0.8542
vn 0.0989 0.0206 0.9949
vn 0.0869 0.4029 0.9111
vn 0.3408 0.2399 0.9090
vn 0.7515 -0.1080 0.6509
vn 0.7596 -0.2491 -0.6007
vn 0.8961 -0.2160 0.3877
vn 0.9791 -0.1769 0.1005
vn 0.9585 -0.1204 -0.2585
vn 0.3464 -0.1098 0.9316
vn 0.0903 -0.2575 0.9620
vn 0.3273 0.2635 -0.9074
vn 0.5287 0.2247 0.8185
vn 0.5252 -0.0956 0.8456
vn 0.5492 -0.0389 -0.8348
vn 0.1284 -0.0948 -0.9872
vn 0.6664 0.1383 -0.7326
vn 0.2557 -0.0650 -0.9646
vn 0.1341 -0.0755 -0.9881
vn 0.4556 -0.1731 0.8732
vn 0.4656 0.1449 0.8730
vn 0.1166 -0.9471 0.2991
vn 0.2518 0.1959 -0.9477
vn 0.1353 -0.3473 0.9280
vn 0.1462 0.5482 0.8235
vn 0.2142 0.1531 0.9647
vn 0.0901 0.1615 0.9827
vn 0.1560 0.1134 0.9812
vn 0.1472 0.2494 0.9571
vn 0.2234 -0.1972 0.9546
vn 0.0998 -0.2189 0.9706
vn 0.1585 -0.2235 0.9617
vn 0.1668 -0.1211 0.9785
vn 0.1165 -0.6566 0.7452
vn 0.6135 0.1384 0.7775
vn 0.6155 -0.1553 0.7727
vn 0.9845 0.1350 -0.1120
vn 0.9698 0.0904 0.2265
vn 0.8339 0.1035 0.5421
vn 0.9778 -0.2003 -0.0616
vn 0.9201 -0.2978 0.2542
vn 0.8368 -0.2339 0.4950
vn 0.9124 0.1221 -0.3907
vn 0.8742 -0.1268 -0.4687
vn 0.2358 0.4017 -0.8849
vn 0.6166 -0.1120 -0.7793
vn 0.1959 -0.4399 -0.8764
vn 0.2202 -0.9728 0.0713
vn 0.1007 -0.8482 0.5200
vn 0.2122 -0.8688 -0.4474
vn 0.2304 0.9623 -0.1445
vn 0.2215 0.9587 0.1782
vn 0.1800 0.8274 0.5320
vn 0.2186 0.8240 -0.5227
vn 0.3577 -0.1080 -0.9276
vn -0.3341 0.3254 -0.8846
vn -0.2884 -0.3157 -0.9040
vn 0.0145 0.6280 -0.7781
vn -0.1458 -0.4821 -0.8639
vn 0.1666 -0.5034 -0.8479
vn 0.4078 0.5383 -0.7375
vn 0.5297 -0.4455 -0.7218
vn 0.7831 -0.0241 -0.6215
vn 0.1956 -0.1914 -0.9618
vn -0.0452 -0.4051 -0.9132
vn 0.5696 0.2072 -0.7954
vn 0.5794 -0.2276 -0.7826
vn 0.2094 0.4833 -0.8500
vn 0.3113 -0.1881 -0.9315
vn 0.0913 -0.1245 -0.9880
vn -0.1891 0.5288 -0.8274
vn 0.1700 -0.1031 -0.9800
vn 0.0971 -0.2988 -0.9494
vn 0.2660 0.0231 -0.9637
vn 0.0960 -0.3287 -0.9395
vn 0.1780 -0.3390 -0.9238
vn 0.3075 0.0200 -0.9513
vn 0.3144 -0.2948 -0.9023
vn 0.3779 -0.1552 -0.9127
vn -0.0033 -0.4852 -0.8744
vn -0.1495 -0.4078 -0.9007
vn -0.2327 -0.0739 -0.9697
vn 0.6198 -0.2942 -0.7275
vn 0.3180 -0.5070 -0.8011
vn -0.0052 0.3714 -0.9285
vn 0.2353 0.4564 -0.8581
vn 0.5959 0.1917 -0.7799
vn 0.1780 -0.2180 -0.9596
vn -0.1240 -0.1871 -0.9745
vn 0.1582 -0.1601 -0.9743
vn -0.0059 -0.2232 -0.9748
vn -0.1492 0.0844 -0.9852
vn 0.2128 0.0918 -0.9728
vn 0.2812 0.0404 -0.9588
vn -0.2267 0.0461 -0.9729
vn 0.0664 -0.2259 -0.9719
vn -0.0997 -0.1448 -0.9844
vn -0.2098 -0.3341 -0.9189
vn -0.6096 0.4675 0.6403
vn -0.7637 0.4743 -0.4379
vn -0.6449 -0.7065 -0.2917
vn -0.4769 0.7364 -0.4799
vn -0.1200 0.8374 -0.5332
vn -0.5068 0.7216 0.4717
vn -0.5292 0.8353 0.1490
vn -0.5233 0.8355 -0.1674
vn -0.1497 0.8355 0.5287
vn -0.1602 0.9726 0.1687
vn -0.1481 0.9758 -0.1607
vn -0.2160 -0.8662 -0.4506
vn -0.2103 -0.8401 0.5000
vn -0.2954 -0.9528 0.0697
vn -0.5367 -0.7414 0.4028
vn -0.5840 -0.7727 0.2489
vn -0.6406 -0.7648 0.0686
vn -0.2999 -0.3678 -0.8802
vn -0.3716 0.4618 -0.8054
vn -0.1290 0.4259 -0.8955
vn -0.8452 -0.3982 -0.3564
vn -0.8541 -0.1701 -0.4915
vn -0.8620 0.2359 -0.4486
vn -0.7524 -0.5516 0.3600
vn -0.8148 -0.5429 0.2037
vn -0.8558 -0.5172 0.0060
vn -0.8746 -0.1631 0.4567
vn -0.9578 -0.2178 0.1877
vn -0.9814 -0.1338 -0.1374
vn -0.8509 0.2004 0.4856
vn -0.9653 0.2098 0.1552
vn -0.9520 0.2385 -0.1920
vn -0.7656 0.4744 0.4346
vn -0.8389 0.5273 0.1348
vn -0.8320 0.5198 -0.1939
vn -0.5404 -0.6162 0.5730
vn -0.6692 -0.0912 0.7375
vn -0.6556 0.2166 0.7233
vn -0.2173 -0.6566 0.7222
vn -0.2898 -0.1158 0.9500
vn -0.2729 0.2457 0.9301
vn -0.2588 0.5429 0.7989
vn -0.2553 -0.3369 0.9063
vn -0.6465 -0.2818 0.7090
vn -0.9474 -0.3131 -0.0669
vn -0.9061 -0.3692 0.2068
vn -0.8717 -0.3119 0.3779
vn -0.8661 -0.1833 -0.4651
vn -0.0997 0.2132 -0.9719
vn -0.3373 0.1406 -0.9308
vn -0.0562 -0.9512 0.3034
vn -0.5527 0.0743 -0.8301
vn -0.4809 -0.3100 0.8201
vn -0.5195 0.2316 0.8225
vn -0.5199 -0.1029 0.8480
vn -0.4268 -0.6413 0.6376
vn -0.6183 0.4870 -0.6168
vn -0.0683 0.0443 -0.9967
vn -0.6986 0.2183 -0.6814
vn -0.5755 -0.3474 -0.7403
vn -0.4282 -0.8984 0.0981
vn -0.4267 -0.8681 0.2537
vn -0.4432 -0.7847 0.4333
vn -0.6648 0.7271 -0.1717
vn -0.6672 0.7323 0.1363
vn -0.6227 0.6547 0.4286
vn -0.6160 0.6568 -0.4350
vn -0.4309 -0.8265 -0.3622
vn -0.4934 0.5037 0.7091
vn -0.4269 -0.0955 -0.8993
vn -0.0765 0.0390 -0.9963
vn -0.5947 0.1125 -0.7961
vn -0.5054 -0.1861 0.8426
vn -0.5226 0.1025 0.8464
vn -0.2483 -0.9302 0.2705
vn -0.2232 0.1871 -0.9566
vn -0.1431 -0.3564 0.9233
vn -0.1423 0.5522 0.8214
vn -0.2815 0.1088 0.9534
vn -0.1585 0.1176 0.9803
vn -0.1503 0.2531 0.9557
vn -0.2795 -0.2114 0.9366
vn -0.1583 -0.2360 0.9588
vn -0.1660 -0.1265 0.9780
vn -0.1177 -0.6571 0.7446
vn -0.6669 0.0985 0.7386
vn -0.6639 -0.1665 0.7291
vn -0.9829 0.0843 -0.1640
vn -0.9848 0.0331 0.1708
vn -0.8751 0.0550 0.4808
vn -0.9683 -0.2227 -0.1132
vn -0.9279 -0.3152 0.1991
vn -0.8712 -0.2474 0.4240
vn -0.8840 0.0260 -0.4668
vn -0.8428 -0.0815 -0.5320
vn -0.1882 0.4055 -0.8945
vn -0.5480 -0.0062 -0.8365
vn -0.1999 -0.2678 -0.9425
vn -0.1293 -0.9900 0.0566
vn -0.0886 -0.8544 0.5121
vn -0.1167 -0.8742 -0.4714
vn -0.2794 0.9469 -0.1588
vn -0.2902 0.9436 0.1596
vn -0.2724 0.8160 0.5099
vn -0.2359 0.8117 -0.5343
vn -0.0744 -0.1357 -0.9880
vn 0.0304 -0.3482 -0.9369
vn -0.6076 -0.0461 -0.7929
vn -0.3401 0.4260 -0.8384
vn -0.1810 -0.1522 -0.9716
vn 0.4155 0.2502 -0.8745
vn 0.0309 0.5364 -0.8434
vn -0.3851 -0.2964 -0.8740
vn -0.0257 -0.3429 -0.9390
vn 0.1449 -0.4350 -0.8887
vn 0.2544 -0.3013 -0.9190
vn -0.4146 -0.4366 -0.7984
vn -0.0813 -0.5076 -0.8577
vn -0.0772 0.4296 -0.8997
vn 0.1807 0.1949 -0.9640
vn -0.6128 -0.0802 -0.7862
vn -0.3196 0.3689 -0.8728
vn -0.1830 -0.2073 -0.9610
vn 0.5664 0.4675 0.6787
vn 0.7907 0.4743 -0.3870
vn 0.6192 -0.7594 -0.1998
vn 0.5072 0.7364 -0.4477
vn 0.1546 0.8374 -0.5242
vn 0.4749 0.7216 0.5038
vn 0.5183 0.8353 0.1833
vn 0.5332 0.8355 -0.1328
vn 0.1148 0.8355 0.5373
vn 0.1489 0.9726 0.1788
vn 0.1582 0.9758 -0.1507
vn 0.2461 -0.8675 -0.4324
vn 0.1772 -0.8401 0.5127
vn 0.2902 -0.9528 0.0889
vn 0.5092 -0.7414 0.4370
vn 0.5664 -0.7727 0.2866
vn 0.6311 -0.7666 0.1186
vn 0.3445 -0.3697 -0.8630
vn 0.4235 0.4618 -0.7793
vn 0.1873 0.4259 -0.8852
vn 0.8695 -0.4341 -0.2359
vn 0.8844 -0.1701 -0.4346
vn 0.8895 0.2359 -0.3913
vn 0.7272 -0.5516 0.4085
vn 0.7997 -0.5429 0.2565
vn 0.8510 -0.5198 0.0746
vn 0.8428 -0.1631 0.5129
vn 0.9434 -0.2178 0.2500
vn 0.9883 -0.1338 -0.0729
vn 0.8173 0.2004 0.5402
vn 0.9531 0.2098 0.2180
vn 0.9625 0.2385 -0.1293
vn 0.7355 0.4744 0.4837
vn 0.8283 0.5273 0.1894
vn 0.8429 0.5198 -0.1391
vn 0.5018 -0.6162 0.6071
vn 0.6195 -0.0912 0.7797
vn 0.6069 0.2166 0.7647
vn 0.1696 -0.6566 0.7349
vn 0.2271 -0.1158 0.9670
vn 0.2115 0.2457 0.9460
vn 0.2060 0.5429 0.8142
vn 0.1955 -0.3369 0.9210
vn 0.5987 -0.2818 0.7497
vn 0.9504 -0.3112 -0.0003
vn 0.8906 -0.3692 0.2656
vn 0.8452 -0.3119 0.4341
vn 0.9066 -0.1425 -0.3971
vn 0.1633 0.2221 -0.9613
vn 0.3882 0.1477 -0.9097
vn 0.0363 -0.9512 0.3064
vn 0.5556 0.1346 -0.8205
vn 0.4262 -0.3100 0.8498
vn 0.4646 0.2316 0.8547
vn 0.4633 -0.1029 0.8802
vn 0.3842 -0.6413 0.6642
vn 0.6574 0.4870 -0.5751
vn 0.1317 0.0470 -0.9902
vn 0.7417 0.2183 -0.6342
vn 0.5571 -0.3818 -0.7375
vn 0.4204 -0.8986 0.1260
vn 0.4092 -0.8681 0.2811
vn 0.4139 -0.7847 0.4614
vn 0.6746 0.7271 -0.1279
vn 0.6568 0.7323 0.1796
vn 0.5933 0.6547 0.4684
vn 0.6431 0.6568 -0.3937
vn 0.4401 -0.8351 -0.3302
vn 0.4460 0.5037 0.7399
vn 0.4850 -0.0950 -0.8693
vn 0.1415 0.0390 -0.9892
vn 0.6455 0.1125 -0.7555
vn 0.4492 -0.1861 0.8738
vn 0.4661 0.1025 0.8787
vn 0.2301 -0.9302 0.2861
vn 0.2981 0.1923 -0.9350
vn 0.0824 -0.3564 0.9307
vn 0.0883 0.5522 0.8290
vn 0.2185 0.1088 0.9697
vn 0.0941 0.1176 0.9886
vn 0.0874 0.2531 0.9635
vn 0.2176 -0.2114 0.9529
vn 0.0952 -0.2360 0.9671
vn 0.1016 -0.1265 0.9867
vn 0.0688 -0.6571 0.7507
vn 0.6172 0.0985 0.7807
vn 0.6148 -0.1665 0.7709
vn 0.9915 0.0843 -0.0993
vn 0.9715 0.0331 0.2348
vn 0.8418 0.0550 0.5370
vn 0.9738 -0.2220 -0.0495
vn 0.9129 -0.3152 0.2593
vn 0.8416 -0.2474 0.4800
vn 0.9126 0.0260 -0.4080
vn 0.8756 -0.0656 -0.4786
vn 0.2463 0.4055 -0.8803
vn 0.5934 0.0158 -0.8048
vn 0.2734 -0.2908 -0.9169
vn 0.1253 -0.9900 0.0649
vn 0.0549 -0.8544 0.5168
vn 0.1467 -0.8753 -0.4608
vn 0.2892 0.9469 -0.1401
vn 0.2792 0.9436 0.1782
vn 0.2385 0.8160 0.5266
vn 0.2703 0.8117 -0.5177
vn 0.1387 -0.1355 -0.9810
vn 0.0309 -0.3482 -0.9369
vn 0.6596 -0.0436 -0.7503
vn 0.3963 0.4299 -0.8112
vn 0.2441 -0.1522 -0.9577
vn -0.3574 0.2502 -0.8998
vn 0.0244 0.5364 -0.8436
vn 0.4414 -0.2964 -0.8469
vn 0.0871 -0.3429 -0.9353
vn -0.0865 -0.4350 -0.8963
vn -0.1937 -0.3013 -0.9337
vn 0.4660 -0.4366 -0.7696
vn 0.1372 -0.5076 -0.8506
vn 0.1359 0.4296 -0.8927
vn -0.1172 0.1949 -0.9738
vn 0.6629 -0.0802 -0.7444
vn 0.3760 0.3689 -0.8500
vn 0.2455 -0.2073 -0.9470
vn 0.1275 -0.4216 -0.8978
vn -0.0728 -0.4144 -0.9072
vn 0.0315 -0.0260 -0.9992
vt 0.276296 0.690860
vt 0.299211 0.683556
vt 0.281266 0.705314
vt 0.295682 0.668764
vt 0.318596 0.658187
vt 0.320331 0.673607
vt 0.302603 0.698763
vt 0.284876 0.723919
vt 0.715048 0.221601
vt 0.758611 0.250215
vt 0.727458 0.258771
vt 0.754972 0.214133
vt 0.788523 0.244631
vt 0.786984 0.267715
vt 0.764633 0.279081
vt 0.728003 0.300231
vt 0.192041 0.378396
vt 0.212412 0.378592
vt 0.202564 0.392778
vt 0.197338 0.359845
vt 0.223070 0.363702
vt 0.230966 0.382428
vt 0.222027 0.394794
vt 0.213087 0.407160
vt 0.851508 0.220274
vt 0.829602 0.252645
vt 0.832483 0.215679
vt 0.870958 0.224716
vt 0.847587 0.259151
vt 0.866636 0.265675
vt 0.834273 0.292412
vt 0.817778 0.283639
vt 0.932586 0.236995
vt 0.903477 0.274904
vt 0.911702 0.232938
vt 0.955754 0.241526
vt 0.921929 0.279134
vt 0.925463 0.325298
vt 0.909760 0.320973
vt 0.894056 0.316647
vt 0.847768 0.008779
vt 0.863256 0.034727
vt 0.844904 0.038072
vt 0.864937 0.004389
vt 0.881699 0.032491
vt 0.881060 0.065892
vt 0.861335 0.067031
vt 0.842006 0.069208
vt 0.842005 0.069208
vt 0.858980 0.102875
vt 0.839094 0.103491
vt 0.861335 0.067031
vt 0.879478 0.103059
vt 0.877143 0.142880
vt 0.856435 0.141222
vt 0.836416 0.140066
vt 0.834216 0.177684
vt 0.853969 0.180575
vt 0.874339 0.183655
vt 0.851508 0.220274
vt 0.832483 0.215679
vt 0.914024 0.001280
vt 0.937521 0.034606
vt 0.918827 0.033471
vt 0.929983 0.001920
vt 0.956473 0.035462
vt 0.967003 0.068364
vt 0.943334 0.069640
vt 0.922229 0.068116
vt 0.945468 0.109269
vt 0.923119 0.106893
vt 0.968302 0.111348
vt 0.969601 0.154331
vt 0.944430 0.151438
vt 0.921542 0.148373
vt 0.917754 0.190642
vt 0.939987 0.194270
vt 0.962677 0.197929
vt 0.355988 0.708857
vt 0.389204 0.714246
vt 0.372259 0.725690
vt 0.360215 0.685535
vt 0.374375 0.699953
vt 0.376792 0.674845
vt 0.392845 0.686325
vt 0.406730 0.698712
vt 0.962096 0.442661
vt 0.981968 0.490239
vt 0.970479 0.490005
vt 0.974472 0.443244
vt 0.993424 0.490519
vt 1.000000 0.537211
vt 0.989463 0.537234
vt 0.978926 0.537256
vt 0.072697 0.354000
vt 0.097850 0.395016
vt 0.058816 0.365836
vt 0.085622 0.344969
vt 0.110439 0.386496
vt 0.123997 0.377010
vt 0.151859 0.414964
vt 0.136884 0.424195
vt 0.035022 0.157925
vt 0.062348 0.181231
vt 0.045829 0.193266
vt 0.050495 0.151995
vt 0.076249 0.166460
vt 0.098974 0.197508
vt 0.082936 0.216873
vt 0.064682 0.233134
vt 0.064682 0.233134
vt 0.109993 0.260040
vt 0.090578 0.277122
vt 0.082936 0.216874
vt 0.127941 0.238454
vt 0.158976 0.280391
vt 0.140657 0.302261
vt 0.121682 0.318428
vt 0.121682 0.318428
vt 0.171571 0.335200
vt 0.155869 0.350935
vt 0.140657 0.302260
vt 0.187628 0.314789
vt 0.209815 0.341796
vt 0.354649 0.656121
vt 0.371670 0.647023
vt 0.362966 0.663137
vt 0.358714 0.636351
vt 0.377678 0.625352
vt 0.396145 0.633388
vt 0.389034 0.656679
vt 0.791084 0.304724
vt 0.761912 0.331094
vt 0.758565 0.319266
vt 0.802594 0.314622
vt 0.813954 0.325458
vt 0.765259 0.342921
vt 0.548653 0.439341
vt 0.551402 0.478260
vt 0.516610 0.473545
vt 0.583485 0.406487
vt 0.573124 0.446294
vt 0.599615 0.413576
vt 0.596668 0.456485
vt 0.579194 0.488712
vt 0.234133 0.347107
vt 0.223152 0.319526
vt 0.245442 0.327690
vt 0.249792 0.362321
vt 0.240379 0.372375
vt 0.283050 0.223676
vt 0.294072 0.245960
vt 0.284261 0.257015
vt 0.283984 0.211098
vt 0.304999 0.234801
vt 0.313950 0.272085
vt 0.299711 0.281219
vt 0.285471 0.290354
vt 0.689320 0.227862
vt 0.706297 0.263809
vt 0.691436 0.267272
vt 0.702184 0.224731
vt 0.708863 0.303229
vt 0.689723 0.306228
vt 0.063006 0.148281
vt 0.085614 0.145965
vt 0.065530 0.129750
vt 0.094065 0.124409
vt 0.122856 0.149553
vt 0.111578 0.173551
vt 0.098974 0.197508
vt 0.143744 0.210301
vt 0.111578 0.173551
vt 0.157940 0.181943
vt 0.192407 0.219036
vt 0.176506 0.250179
vt 0.203783 0.287190
vt 0.187628 0.314789
vt 0.219016 0.257909
vt 0.236414 0.294884
vt 0.223152 0.319526
vt 0.209815 0.341796
vt 0.101403 0.052554
vt 0.126940 0.075764
vt 0.097359 0.060413
vt 0.099800 0.040507
vt 0.132629 0.067972
vt 0.138550 0.059018
vt 0.167989 0.089481
vt 0.161331 0.097627
vt 0.167989 0.089481
vt 0.196896 0.124399
vt 0.161331 0.097627
vt 0.175185 0.080320
vt 0.203308 0.115570
vt 0.242315 0.134347
vt 0.235868 0.145182
vt 0.229978 0.155050
vt 0.229978 0.155050
vt 0.263462 0.177310
vt 0.257900 0.188607
vt 0.235868 0.145182
vt 0.270170 0.165317
vt 0.296047 0.197517
vt 0.124432 0.010127
vt 0.154690 0.037842
vt 0.116222 0.020254
vt 0.132643 -0.000000
vt 0.163292 0.026698
vt 0.172073 0.015313
vt 0.200816 0.045311
vt 0.191914 0.057592
vt 0.226652 0.081197
vt 0.211502 0.030627
vt 0.235339 0.068125
vt 0.244512 0.054589
vt 0.266060 0.094635
vt 0.257659 0.108479
vt 0.291761 0.124723
vt 0.284296 0.138664
vt 0.299596 0.110498
vt 0.321671 0.142445
vt 0.314978 0.156479
vt 0.308286 0.170512
vt 0.790735 0.008779
vt 0.748448 0.030478
vt 0.768041 -0.000000
vt 0.813429 0.017558
vt 0.778083 0.037543
vt 0.804626 0.041904
vt 0.767203 0.068254
vt 0.728856 0.060957
vt 0.721519 0.099588
vt 0.798144 0.071420
vt 0.760016 0.102311
vt 0.793257 0.103918
vt 0.755640 0.138568
vt 0.714182 0.138220
vt 0.754115 0.176234
vt 0.714615 0.179910
vt 0.788179 0.174249
vt 0.787975 0.210373
vt 0.032405 0.126441
vt 0.050495 0.151995
vt 0.035537 0.100240
vt 0.048404 0.125203
vt 0.071279 0.108284
vt 0.060508 0.040556
vt 0.074912 0.052339
vt 0.056687 0.048393
vt 0.064328 0.032719
vt 0.078769 0.044688
vt 0.082064 0.036613
vt 0.245289 0.718151
vt 0.266041 0.720087
vt 0.252256 0.731250
vt 0.259896 0.706455
vt 0.272050 0.734134
vt 0.259223 0.744348
vt 0.079628 0.730730
vt 0.062154 0.752675
vt 0.051005 0.740571
vt 0.105117 0.721067
vt 0.090428 0.744564
vt 0.115945 0.736230
vt 0.101527 0.758476
vt 0.073304 0.764778
vt 0.167806 0.688448
vt 0.170701 0.709088
vt 0.159135 0.693352
vt 0.178666 0.681595
vt 0.179511 0.704255
vt 0.190172 0.697611
vt 0.191020 0.720265
vt 0.182268 0.724823
vt 0.209868 0.659449
vt 0.237288 0.662819
vt 0.220454 0.675570
vt 0.227364 0.646483
vt 0.256606 0.646268
vt 0.264684 0.661989
vt 0.246236 0.678423
vt 0.230096 0.690902
vt 0.247481 0.629953
vt 0.280101 0.623382
vt 0.256606 0.646268
vt 0.271964 0.607484
vt 0.306229 0.596690
vt 0.313391 0.611929
vt 0.287129 0.638961
vt 0.264684 0.661989
vt 0.125039 0.711891
vt 0.139752 0.704038
vt 0.135877 0.727498
vt 0.151041 0.719622
vt 0.147256 0.743057
vt 0.129750 0.752174
vt 0.041466 0.080672
vt 0.052429 0.101612
vt 0.035537 0.100240
vt 0.047771 0.066680
vt 0.058947 0.083336
vt 0.065587 0.069946
vt 0.079012 0.090792
vt 0.192407 0.219036
vt 0.232531 0.233197
vt 0.219016 0.257909
vt 0.205787 0.194888
vt 0.244005 0.214104
vt 0.269899 0.249529
vt 0.249976 0.270767
vt 0.236414 0.294884
vt 0.122856 0.149553
vt 0.171017 0.160116
vt 0.134846 0.130395
vt 0.182063 0.144603
vt 0.216271 0.177641
vt 0.205787 0.194888
vt 0.103946 0.106727
vt 0.094065 0.124409
vt 0.113553 0.093402
vt 0.257193 0.304072
vt 0.269731 0.278925
vt 0.269564 0.308321
vt 0.259678 0.335321
vt 0.439319 0.646200
vt 0.465067 0.640946
vt 0.456869 0.655903
vt 0.478509 0.616112
vt 0.447420 0.623065
vt 0.462956 0.590622
vt 0.494145 0.629032
vt 0.478509 0.616112
vt 0.466982 0.661212
vt 0.483371 0.650045
vt 0.476967 0.662854
vt 0.461671 0.659605
vt 0.466982 0.661212
vt 0.362806 0.616260
vt 0.384151 0.600347
vt 0.367514 0.594529
vt 0.387666 0.573200
vt 0.413734 0.572410
vt 0.404380 0.605554
vt 0.986701 0.644572
vt 0.972858 0.591517
vt 0.982814 0.590914
vt 0.977202 0.643476
vt 0.962880 0.592000
vt 0.956072 0.539820
vt 0.966952 0.539355
vt 0.341322 0.599956
vt 0.353774 0.585882
vt 0.350895 0.606777
vt 0.341283 0.575380
vt 0.358121 0.565890
vt 0.372015 0.572923
vt 0.007214 0.075771
vt 0.018770 0.099206
vt 0.000000 0.092718
vt 0.014428 0.058824
vt 0.024390 0.078612
vt 0.030599 0.063929
vt 0.041466 0.080672
vt 0.253554 0.692805
vt 0.238164 0.704921
vt 0.271014 0.676721
vt 0.276295 0.690859
vt 0.259896 0.706455
vt 0.245289 0.718151
vt 0.025249 0.033403
vt 0.039164 0.045135
vt 0.021642 0.041877
vt 0.028856 0.024930
vt 0.042878 0.036980
vt 0.000000 0.129298
vt 0.019013 0.163825
vt 0.000000 0.165878
vt 0.016453 0.128334
vt 0.743284 0.309749
vt 0.777121 0.294788
vt 0.801648 0.275495
vt 0.491532 0.604518
vt 0.478509 0.616112
vt 0.503843 0.611628
vt 0.495473 0.588459
vt 0.514299 0.594502
vt 0.402466 0.448134
vt 0.419950 0.447371
vt 0.384824 0.467395
vt 0.420108 0.428873
vt 0.420020 0.439993
vt 0.455216 0.422524
vt 0.437662 0.425699
vt 0.335518 0.627462
vt 0.348018 0.624966
vt 0.345083 0.641792
vt 0.338420 0.613709
vt 0.102512 0.332885
vt 0.139482 0.364887
vt 0.179437 0.392064
vt 0.166834 0.405732
vt 0.021632 0.266744
vt 0.070866 0.292872
vt 0.053441 0.305926
vt 0.045563 0.248907
vt 0.090578 0.277122
vt 0.028706 0.204887
vt 0.010816 0.216311
vt 0.019013 0.163825
vt 0.815678 0.139066
vt 0.789937 0.138499
vt 0.813724 0.175111
vt 0.812705 0.211551
vt 0.787975 0.210373
vt 0.798144 0.071420
vt 0.818525 0.104107
vt 0.822076 0.071248
vt 0.826141 0.041226
vt 0.830598 0.013168
vt 0.822076 0.071248
vt 0.812705 0.211551
vt 0.811184 0.246775
vt 0.801648 0.275495
vt 0.339716 0.692024
vt 0.348417 0.670682
vt 0.330693 0.673992
vt 0.338160 0.656041
vt 0.362966 0.663137
vt 0.291960 0.654022
vt 0.271014 0.676721
vt 0.315126 0.627348
vt 0.316861 0.642768
vt 0.374121 0.549091
vt 0.381650 0.541725
vt 0.374444 0.555225
vt 0.371752 0.509097
vt 0.372731 0.542463
vt 0.365966 0.526168
vt 0.378831 0.512572
vt 0.377538 0.492026
vt 0.380125 0.533119
vt 0.387666 0.573200
vt 0.396929 0.552764
vt 0.374444 0.555225
vt 0.372015 0.572923
vt 0.562762 0.517126
vt 0.551402 0.478260
vt 0.579194 0.488712
vt 0.546254 0.544014
vt 0.538814 0.508770
vt 0.527142 0.537660
vt 0.514825 0.507320
vt 0.433652 0.462023
vt 0.461792 0.437104
vt 0.468367 0.451684
vt 0.415433 0.471364
vt 0.419418 0.460144
vt 0.433652 0.462023
vt 0.381181 0.479710
vt 0.401557 0.477445
vt 0.377538 0.492026
vt 0.381181 0.479710
vt 0.419950 0.447371
vt 0.018035 0.050350
vt 0.035321 0.053572
vt 0.052707 0.056557
vt 0.214495 0.702767
vt 0.208223 0.727974
vt 0.199773 0.715706
vt 0.238164 0.704921
vt 0.223144 0.716399
vt 0.230981 0.729197
vt 0.216672 0.740242
vt 0.085622 0.344969
vt 0.041750 0.313581
vt 0.053441 0.305926
vt 0.032687 0.319001
vt 0.006557 0.272165
vt 0.014095 0.269455
vt 0.426416 0.612640
vt 0.417811 0.639949
vt 0.438345 0.581516
vt 0.447420 0.623065
vt 0.439319 0.646200
vt 0.084060 0.690406
vt 0.114323 0.696212
vt 0.094587 0.705922
vt 0.103522 0.680170
vt 0.128707 0.688253
vt 0.125039 0.711891
vt 0.105117 0.721067
vt 0.227899 0.597271
vt 0.263542 0.591570
vt 0.238057 0.613558
vt 0.254125 0.575964
vt 0.291906 0.566212
vt 0.299067 0.581451
vt 0.193173 0.671496
vt 0.204338 0.687447
vt 0.230096 0.690902
vt 0.170515 0.638816
vt 0.166970 0.665657
vt 0.155464 0.649104
vt 0.188073 0.626547
vt 0.181834 0.655400
vt 0.199086 0.643147
vt 0.193173 0.671496
vt 0.178666 0.681595
vt 0.217195 0.630009
vt 0.206532 0.613439
vt 0.238057 0.613558
vt 0.247481 0.629953
vt 0.150482 0.698123
vt 0.161877 0.713815
vt 0.173515 0.729382
vt 0.164762 0.733940
vt 0.117663 0.672022
vt 0.139163 0.682311
vt 0.136218 0.661103
vt 0.127934 0.665978
vt 0.147595 0.677519
vt 0.150482 0.698122
vt 0.144588 0.656094
vt 0.156088 0.672586
vt 0.167806 0.688448
vt 0.159135 0.693352
vt 0.058602 0.702461
vt 0.039856 0.728468
vt 0.028707 0.716364
vt 0.068941 0.716848
vt 0.238689 0.741880
vt 0.225122 0.752510
vt 0.246397 0.754563
vt 0.233571 0.764778
vt 0.052707 0.056557
vt 0.056687 0.048393
vt 0.070749 0.060199
vt 0.074912 0.052339
vt 0.092584 0.068134
vt 0.086663 0.077706
vt 0.277110 0.152315
vt 0.249696 0.121905
vt 0.302167 0.184015
vt 0.183280 0.069464
vt 0.210279 0.105665
vt 0.191914 0.057592
vt 0.218184 0.093970
vt 0.257659 0.108479
vt 0.249696 0.121905
vt 0.108011 0.030381
vt 0.146223 0.048799
vt 0.183280 0.069464
vt 0.175185 0.080320
vt 0.216271 0.177641
vt 0.251870 0.200154
vt 0.223913 0.165147
vt 0.276475 0.236603
vt 0.154487 0.105936
vt 0.145983 0.116247
vt 0.190303 0.133411
vt 0.223913 0.165147
vt 0.097359 0.060413
vt 0.120964 0.083638
vt 0.126940 0.075764
vt 0.663183 0.233761
vt 0.680602 0.270950
vt 0.671300 0.274809
vt 0.676252 0.230811
vt 0.684570 0.311043
vt 0.679417 0.315858
vt 0.321671 0.514649
vt 0.339374 0.519742
vt 0.331457 0.532727
vt 0.325248 0.501298
vt 0.347395 0.507058
vt 0.353112 0.537154
vt 0.341244 0.550804
vt 0.509796 0.421996
vt 0.496032 0.456293
vt 0.551225 0.392308
vt 0.528480 0.430587
vt 0.567355 0.399397
vt 0.358121 0.565890
vt 0.372015 0.572922
vt 0.365372 0.551027
vt 0.353112 0.537154
vt 0.372731 0.542462
vt 0.389034 0.656679
vt 0.392845 0.686325
vt 0.376792 0.674845
vt 0.417811 0.639949
vt 0.389034 0.656679
vt 0.396145 0.633389
vt 0.439319 0.646200
vt 0.415305 0.664598
vt 0.417811 0.639949
vt 0.439571 0.663243
vt 0.439413 0.661049
vt 0.437749 0.670780
vt 0.439474 0.665779
vt 0.392845 0.686325
vt 0.424377 0.679468
vt 0.406730 0.698712
vt 0.967547 0.693076
vt 0.966678 0.644008
vt 0.980839 0.692243
vt 0.993351 0.690907
vt 0.984184 0.739303
vt 0.968368 0.741365
vt 0.937344 0.441494
vt 0.958845 0.489957
vt 0.946922 0.490108
vt 0.949720 0.442078
vt 0.966952 0.539355
vt 0.956072 0.539820
vt 0.388531 0.742524
vt 0.418930 0.743213
vt 0.404802 0.759357
vt 0.404156 0.728515
vt 0.420770 0.710836
vt 0.433057 0.727069
vt 0.898998 0.145376
vt 0.921542 0.148373
vt 0.895738 0.187053
vt 0.917754 0.190642
vt 0.891117 0.228904
vt 0.870958 0.224716
vt 0.881060 0.065892
vt 0.900993 0.104576
vt 0.901446 0.066485
vt 0.923119 0.106893
vt 0.882107 0.000000
vt 0.900217 0.032427
vt 0.898066 0.000640
vt 0.901446 0.066485
vt 0.891117 0.228904
vt 0.885113 0.270621
vt 0.878353 0.312321
vt 0.862650 0.307996
vt 0.508624 0.536476
vt 0.510664 0.564886
vt 0.492231 0.563469
vt 0.527142 0.537660
vt 0.529153 0.571060
vt 0.514299 0.594502
vt 0.495473 0.588459
vt 0.434130 0.468715
vt 0.413510 0.477402
vt 0.433652 0.462023
vt 0.457400 0.464957
vt 0.450367 0.473722
vt 0.430752 0.477352
vt 0.412460 0.485864
vt 0.496606 0.535442
vt 0.482443 0.560981
vt 0.460793 0.585334
vt 0.477211 0.557674
vt 0.488986 0.534185
vt 0.064127 0.789339
vt 0.054492 0.768139
vt 0.060691 0.764778
vt 0.067564 0.813900
vt 0.057443 0.790379
vt 0.058850 0.811049
vt 0.050926 0.791522
vt 0.048292 0.771500
vt 0.477265 0.469773
vt 0.496032 0.456293
vt 0.491720 0.484383
vt 0.480684 0.489120
vt 0.467372 0.477149
vt 0.663183 0.363706
vt 0.668647 0.384969
vt 0.663183 0.384490
vt 0.668564 0.352300
vt 0.668595 0.368563
vt 0.673944 0.361679
vt 0.673920 0.372849
vt 0.674111 0.385448
vt 0.057223 0.828670
vt 0.063978 0.831958
vt 0.054041 0.844711
vt 0.047689 0.839407
vt 0.050688 0.825521
vt 0.052076 0.809930
vt 0.498895 0.508391
vt 0.489212 0.509726
vt 0.397489 0.488415
vt 0.383110 0.501768
vt 0.401557 0.477445
vt 0.398900 0.497250
vt 0.388682 0.511510
vt 0.428612 0.486972
vt 0.413044 0.494265
vt 0.445515 0.483012
vt 0.442164 0.493308
vt 0.429617 0.500142
vt 0.416903 0.502138
vt 0.402096 0.504400
vt 0.392959 0.515464
vt 0.411023 0.512098
vt 0.397235 0.519419
vt 0.480334 0.512075
vt 0.472392 0.494664
vt 0.481427 0.533147
vt 0.471061 0.531694
vt 0.465840 0.516699
vt 0.463953 0.502172
vt 0.460188 0.485431
vt 0.451636 0.498976
vt 0.045610 0.809054
vt 0.041670 0.834140
vt 0.044296 0.822398
vt 0.035651 0.828873
vt 0.038062 0.819421
vt 0.040473 0.809968
vt 0.679051 0.375851
vt 0.679383 0.386610
vt 0.678740 0.365234
vt 0.683536 0.368789
vt 0.684095 0.378281
vt 0.684654 0.387772
vt 0.458629 0.580046
vt 0.471737 0.553805
vt 0.454915 0.569780
vt 0.460695 0.545694
vt 0.041972 0.774568
vt 0.044441 0.792607
vt 0.038062 0.793802
vt 0.035651 0.777636
vt 0.401137 0.528698
vt 0.411023 0.512098
vt 0.451636 0.498976
vt 0.438699 0.563363
vt 0.460695 0.545694
vt 0.413761 0.547462
vt 0.422484 0.556946
vt 0.401137 0.528698
vt 0.413761 0.547462
vt 0.405038 0.537977
vt 0.153504 0.506246
vt 0.164880 0.481593
vt 0.179000 0.493336
vt 0.139918 0.492718
vt 0.150377 0.469894
vt 0.178248 0.459989
vt 0.193163 0.469602
vt 0.208078 0.479216
vt 0.447461 0.231146
vt 0.416308 0.196291
vt 0.452495 0.196292
vt 0.409354 0.230682
vt 0.387986 0.192857
vt 0.397842 0.168300
vt 0.421073 0.163854
vt 0.455492 0.161631
vt 0.847511 0.722316
vt 0.829741 0.744514
vt 0.827091 0.717885
vt 0.847594 0.749442
vt 0.836124 0.765805
vt 0.820075 0.760628
vt 0.811709 0.739344
vt 0.805789 0.711600
vt 0.412017 0.123426
vt 0.443934 0.099606
vt 0.449081 0.117448
vt 0.381037 0.139488
vt 0.404970 0.106851
vt 0.371728 0.124859
vt 0.397825 0.089864
vt 0.438859 0.082185
vt 0.387110 0.060410
vt 0.424112 0.032594
vt 0.429024 0.049171
vt 0.340336 0.062153
vt 0.382100 0.046071
vt 0.335324 0.050247
vt 0.377047 0.031381
vt 0.418770 0.012516
vt 0.653037 0.127682
vt 0.627546 0.105496
vt 0.656795 0.112957
vt 0.624590 0.121905
vt 0.596214 0.099326
vt 0.600999 0.079575
vt 0.630776 0.088903
vt 0.660554 0.098231
vt 0.594219 0.117212
vt 0.560663 0.095927
vt 0.560550 0.114471
vt 0.522666 0.094879
vt 0.520330 0.076294
vt 0.560161 0.077457
vt 0.487031 0.114673
vt 0.524409 0.113682
vt 0.483571 0.096049
vt 0.443934 0.099606
vt 0.479831 0.077716
vt 0.520330 0.076294
vt 0.255062 0.524671
vt 0.286712 0.517168
vt 0.268040 0.538617
vt 0.272415 0.502663
vt 0.301539 0.496342
vt 0.318009 0.512058
vt 0.301376 0.531515
vt 0.284744 0.550973
vt 0.595677 0.045911
vt 0.551179 0.024178
vt 0.593017 0.029080
vt 0.554543 0.041888
vt 0.509099 0.021753
vt 0.505315 -0.000000
vt 0.547836 0.006124
vt 0.590356 0.012248
vt 0.471140 0.042313
vt 0.513092 0.040066
vt 0.466602 0.024633
vt 0.462043 0.006258
vt 0.920590 0.761348
vt 0.908366 0.730808
vt 0.927475 0.731773
vt 0.900020 0.783047
vt 0.902170 0.760011
vt 0.884272 0.781337
vt 0.883817 0.757853
vt 0.888647 0.729103
vt 0.906430 0.444699
vt 0.907482 0.493122
vt 0.890973 0.446301
vt 0.921061 0.492027
vt 0.921447 0.541510
vt 0.905285 0.541225
vt 0.891608 0.493954
vt 0.875515 0.447903
vt 0.936979 0.691646
vt 0.930149 0.643287
vt 0.943637 0.643730
vt 0.927475 0.731773
vt 0.920280 0.690937
vt 0.908366 0.730808
vt 0.901090 0.689783
vt 0.912345 0.642519
vt 0.839428 0.460706
vt 0.827493 0.493787
vt 0.821667 0.464228
vt 0.849692 0.494542
vt 0.830340 0.533810
vt 0.805152 0.527360
vt 0.806685 0.489732
vt 0.808194 0.468067
vt 0.856672 0.537048
vt 0.833372 0.584190
vt 0.830340 0.533810
vt 0.861372 0.587523
vt 0.834037 0.636499
vt 0.805711 0.629484
vt 0.805371 0.577110
vt 0.861073 0.639324
vt 0.830233 0.681898
vt 0.854205 0.685314
vt 0.827091 0.717885
vt 0.804793 0.675062
vt 0.524556 0.767555
vt 0.526833 0.749223
vt 0.541026 0.756698
vt 0.509539 0.762339
vt 0.512728 0.738493
vt 0.530987 0.721956
vt 0.544040 0.734540
vt 0.557070 0.744173
vt 0.341171 0.207620
vt 0.361048 0.170742
vt 0.352053 0.209709
vt 0.321671 0.210417
vt 0.350703 0.162010
vt 0.338521 0.154144
vt 0.371728 0.124859
vt 0.381037 0.139488
vt 0.599971 0.510115
vt 0.631387 0.493602
vt 0.618358 0.540276
vt 0.615396 0.474019
vt 0.596668 0.456485
vt 0.628404 0.432457
vt 0.641063 0.444249
vt 0.793307 0.734375
vt 0.782476 0.702891
vt 0.806432 0.761633
vt 0.792788 0.762637
vt 0.774432 0.729662
vt 0.756077 0.696688
vt 0.422673 0.329881
vt 0.390462 0.317748
vt 0.429827 0.318514
vt 0.388693 0.329133
vt 0.352422 0.316269
vt 0.350029 0.305353
vt 0.392675 0.305981
vt 0.433733 0.306659
vt 0.440228 0.275738
vt 0.404486 0.257334
vt 0.443422 0.256812
vt 0.400824 0.276572
vt 0.374441 0.252608
vt 0.379346 0.226052
vt 0.787652 0.478958
vt 0.795673 0.454110
vt 0.781854 0.516107
vt 0.760864 0.504668
vt 0.769753 0.466798
vt 0.776170 0.431092
vt 0.777165 0.564460
vt 0.781854 0.516107
vt 0.774903 0.616208
vt 0.746133 0.601856
vt 0.751411 0.551332
vt 0.760865 0.504668
vt 0.805712 0.629484
vt 0.776500 0.663182
vt 0.804793 0.675062
vt 0.748993 0.650334
vt 0.724080 0.451849
vt 0.736002 0.413568
vt 0.741740 0.416071
vt 0.707976 0.490202
vt 0.716583 0.449919
vt 0.699181 0.488276
vt 0.708776 0.447810
vt 0.730264 0.411065
vt 0.694592 0.532839
vt 0.674563 0.574513
vt 0.685863 0.530392
vt 0.666620 0.570959
vt 0.676954 0.527757
vt 0.687288 0.484556
vt 0.512921 0.324967
vt 0.472393 0.318186
vt 0.516507 0.317597
vt 0.467797 0.327424
vt 0.476262 0.307029
vt 0.520093 0.310227
vt 0.080700 0.469576
vt 0.108362 0.484325
vt 0.093772 0.492720
vt 0.067192 0.443621
vt 0.095510 0.460596
vt 0.082639 0.433908
vt 0.110296 0.451998
vt 0.122506 0.479800
vt 0.563537 0.269846
vt 0.603858 0.249914
vt 0.602836 0.265265
vt 0.525458 0.254850
vt 0.565002 0.252465
vt 0.565325 0.228857
vt 0.604880 0.234562
vt 0.523382 0.273196
vt 0.484585 0.256023
vt 0.525458 0.254850
vt 0.481908 0.274641
vt 0.443422 0.256812
vt 0.487440 0.230788
vt 0.526995 0.229895
vt 0.634031 0.224440
vt 0.654352 0.185726
vt 0.663183 0.214318
vt 0.626643 0.190098
vt 0.596853 0.193260
vt 0.621903 0.160372
vt 0.645520 0.157134
vt 0.563361 0.194199
vt 0.527552 0.194965
vt 0.561311 0.159529
vt 0.593179 0.159952
vt 0.490287 0.195709
vt 0.452495 0.196292
vt 0.455492 0.161631
vt 0.491614 0.160372
vt 0.527155 0.159638
vt 0.821667 0.464228
vt 0.824707 0.434232
vt 0.839428 0.460706
vt 0.808879 0.441592
vt 0.791774 0.421396
vt 0.807378 0.411700
vt 0.062311 0.540554
vt 0.080153 0.551182
vt 0.072318 0.556905
vt 0.052305 0.524202
vt 0.069801 0.534887
vt 0.059251 0.518670
vt 0.079042 0.528349
vt 0.089948 0.544478
vt 0.118031 0.526823
vt 0.121371 0.502189
vt 0.133977 0.517139
vt 0.106119 0.511177
vt 0.007177 0.670017
vt 0.039946 0.671069
vt 0.014353 0.685466
vt -0.000000 0.654568
vt 0.030871 0.655022
vt 0.021959 0.638847
vt 0.052675 0.641085
vt 0.063017 0.657771
vt 0.103287 0.607748
vt 0.122528 0.620373
vt 0.114167 0.625744
vt 0.092636 0.590180
vt 0.111667 0.602174
vt 0.100952 0.584467
vt 0.122306 0.595136
vt 0.133266 0.613338
vt 0.165046 0.592060
vt 0.170992 0.563145
vt 0.183070 0.579888
vt 0.153371 0.574713
vt 0.158808 0.546977
vt 0.179585 0.534046
vt 0.192108 0.549297
vt 0.204392 0.565171
vt 0.204392 0.565171
vt 0.218341 0.531541
vt 0.230427 0.546207
vt 0.192108 0.549297
vt 0.206340 0.517702
vt 0.237909 0.498444
vt 0.243087 0.510760
vt 0.255062 0.524671
vt 0.081556 0.646515
vt 0.043918 0.623127
vt 0.070631 0.629440
vt 0.060336 0.612436
vt 0.084614 0.620183
vt 0.095582 0.637630
vt 0.018948 0.573831
vt 0.041974 0.579375
vt 0.027271 0.590263
vt 0.024518 0.546333
vt 0.033150 0.562931
vt 0.045641 0.553341
vt 0.054800 0.569878
vt 0.726704 0.640162
vt 0.724072 0.591901
vt 0.734719 0.687422
vt 0.713362 0.678156
vt 0.709694 0.632718
vt 0.708295 0.585704
vt 0.730806 0.542979
vt 0.742602 0.497759
vt 0.724072 0.591901
vt 0.708295 0.585704
vt 0.715356 0.538387
vt 0.727810 0.494278
vt 0.754145 0.459847
vt 0.764694 0.426085
vt 0.742602 0.497759
vt 0.741234 0.456178
vt 0.753217 0.421078
vt 0.392779 0.386854
vt 0.370828 0.372061
vt 0.402326 0.368178
vt 0.357225 0.389581
vt 0.340004 0.375679
vt 0.358338 0.359050
vt 0.381738 0.355604
vt 0.411872 0.349502
vt 0.506152 0.690573
vt 0.499161 0.663596
vt 0.520241 0.671208
vt 0.486822 0.676436
vt 0.491679 0.679151
vt 0.483059 0.671947
vt 0.511595 0.637899
vt 0.483371 0.650045
vt 0.511595 0.637899
vt 0.537794 0.639705
vt 0.561595 0.716766
vt 0.572397 0.729151
vt 0.550068 0.701196
vt 0.572436 0.676495
vt 0.581626 0.700420
vt 0.587253 0.714165
vt 0.943637 0.643730
vt 0.952729 0.592246
vt 0.955555 0.644067
vt 0.942119 0.592353
vt 0.945023 0.540330
vt 0.956072 0.539820
vt 0.962880 0.592000
vt 0.966678 0.644008
vt 0.581466 0.760281
vt 0.584669 0.738080
vt 0.598198 0.745291
vt 0.569795 0.751903
vt 0.597710 0.723261
vt 0.614929 0.730301
vt 0.035595 0.606695
vt 0.050921 0.595808
vt 0.064223 0.586307
vt 0.074067 0.603013
vt 0.141653 0.557931
vt 0.146446 0.531770
vt 0.129864 0.542094
vt 0.133977 0.517139
vt 0.153504 0.506246
vt 0.166664 0.519834
vt 0.082363 0.573328
vt 0.080153 0.551182
vt 0.090480 0.567579
vt 0.089948 0.544478
vt 0.100646 0.560706
vt 0.111416 0.577472
vt 0.857575 0.456851
vt 0.857051 0.420106
vt 0.840896 0.427424
vt 0.822982 0.402004
vt 0.838586 0.392308
vt 0.362112 0.216182
vt 0.371466 0.182300
vt 0.389672 0.154222
vt 0.515141 0.620016
vt 0.527310 0.609450
vt 0.503843 0.611628
vt 0.514299 0.594502
vt 0.353909 0.245741
vt 0.374441 0.252608
vt 0.370065 0.269109
vt 0.352053 0.209709
vt 0.360195 0.240824
vt 0.353909 0.245741
vt 0.379346 0.226052
vt 0.362112 0.216182
vt 0.554589 0.777986
vt 0.554733 0.763044
vt 0.568027 0.769134
vt 0.539572 0.772770
vt 0.888265 0.641167
vt 0.888647 0.729103
vt 0.878420 0.687852
vt 0.868164 0.726139
vt 0.905285 0.541225
vt 0.889328 0.589980
vt 0.882799 0.539564
vt 0.913367 0.591700
vt 0.871796 0.494637
vt 0.882799 0.539564
vt 0.856673 0.537048
vt 0.525986 0.133556
vt 0.490164 0.134390
vt 0.453752 0.136406
vt 0.593179 0.159952
vt 0.560525 0.134000
vt 0.592780 0.135834
vt 0.560550 0.114471
vt 0.594219 0.117212
vt 0.622045 0.138937
vt 0.649279 0.142408
vt 0.592780 0.135834
vt 0.453752 0.136406
vt 0.418411 0.140797
vt 0.389672 0.154222
vt 0.865602 0.754089
vt 0.868223 0.776160
vt 0.852173 0.770983
vt 0.179585 0.534046
vt 0.192966 0.505187
vt 0.166664 0.519835
vt 0.222994 0.488830
vt 0.605583 0.700896
vt 0.609187 0.691392
vt 0.611544 0.699118
vt 0.600480 0.703480
vt 0.587253 0.714165
vt 0.595163 0.682776
vt 0.581626 0.700420
vt 0.617889 0.689056
vt 0.640918 0.685630
vt 0.626887 0.682513
vt 0.654589 0.673730
vt 0.611544 0.699118
vt 0.627247 0.697530
vt 0.599971 0.510115
vt 0.562762 0.517126
vt 0.579194 0.488712
vt 0.579977 0.535770
vt 0.590436 0.556833
vt 0.559475 0.558988
vt 0.546254 0.544014
vt 0.341171 0.207620
vt 0.330476 0.238632
vt 0.353909 0.245741
vt 0.341171 0.207620
vt 0.352053 0.209709
vt 0.344685 0.254010
vt 0.344655 0.286100
vt 0.364242 0.283066
vt 0.339281 0.266847
vt 0.344655 0.286100
vt 0.064223 0.586307
vt 0.084346 0.595909
vt 0.074067 0.603013
vt 0.054800 0.569878
vt 0.074265 0.579122
vt 0.064498 0.562696
vt 0.125461 0.568342
vt 0.103009 0.536141
vt 0.114230 0.551961
vt 0.118031 0.526822
vt 0.912345 0.642519
vt 0.930124 0.592342
vt 0.930149 0.643288
vt 0.913367 0.591700
vt 0.921447 0.541510
vt 0.933677 0.540975
vt 0.536355 0.685010
vt 0.518449 0.706333
vt 0.555115 0.658100
vt 0.092581 0.663523
vt 0.103522 0.680170
vt 0.073537 0.674273
vt 0.081556 0.646515
vt 0.095582 0.637630
vt 0.106622 0.655049
vt 0.117663 0.672022
vt 0.242590 0.561011
vt 0.216513 0.581166
vt 0.268040 0.538617
vt 0.147967 0.603531
vt 0.136709 0.585657
vt 0.144271 0.631528
vt 0.170515 0.638816
vt 0.155464 0.649104
vt 0.159231 0.621418
vt 0.176675 0.609452
vt 0.188073 0.626547
vt 0.195048 0.596711
vt 0.206532 0.613439
vt 0.216513 0.581166
vt 0.105870 0.631050
vt 0.094951 0.613299
vt 0.116857 0.648775
vt 0.127934 0.665978
vt 0.125111 0.643715
vt 0.136218 0.661103
vt 0.144588 0.656094
vt 0.133449 0.638549
vt 0.021530 0.700915
vt 0.049100 0.687017
vt 0.073537 0.674273
vt 0.084060 0.690406
vt 0.091644 0.520077
vt 0.103009 0.536141
vt 0.066198 0.513137
vt 0.079428 0.501694
vt 0.064498 0.562696
vt 0.038411 0.535268
vt 0.054831 0.546293
vt 0.045358 0.529735
vt 0.479243 0.291787
vt 0.521301 0.290587
vt 0.437077 0.292289
vt 0.481908 0.274641
vt 0.523382 0.273196
vt 0.560442 0.303098
vt 0.601814 0.280617
vt 0.600792 0.295969
vt 0.561947 0.286366
vt 0.051248 0.488091
vt 0.036299 0.463046
vt 0.065913 0.478712
vt 0.051746 0.453333
vt 0.697562 0.627297
vt 0.696542 0.581356
vt 0.702694 0.672813
vt 0.692027 0.667471
vt 0.687267 0.622769
vt 0.682507 0.578068
vt 0.715356 0.538387
vt 0.716819 0.492022
vt 0.727810 0.494278
vt 0.704017 0.535310
vt 0.747479 0.418575
vt 0.731770 0.453796
vt 0.396841 0.292079
vt 0.370065 0.269109
vt 0.386578 0.341599
vt 0.417272 0.339692
vt 0.356576 0.343117
vt 0.354814 0.327185
vt 0.640912 0.551312
vt 0.661832 0.521709
vt 0.657282 0.575583
vt 0.646938 0.508278
vt 0.653722 0.456042
vt 0.666382 0.467834
vt 0.597710 0.723261
vt 0.587253 0.714165
vt 0.606720 0.709452
vt 0.621089 0.713916
vt 0.479156 0.749610
vt 0.512728 0.738493
vt 0.494523 0.757124
vt 0.481199 0.717605
vt 0.463790 0.742096
vt 0.485913 0.702507
vt 0.498182 0.719652
vt 0.492516 0.698273
vt 0.490139 0.699205
vt 0.494190 0.697349
vt 0.518449 0.706333
vt 0.530987 0.721956
vt 0.967547 0.693076
vt 0.955555 0.644067
vt 0.966678 0.644008
vt 0.952666 0.692381
vt 0.946545 0.733260
vt 0.936979 0.691646
vt 0.943637 0.643730
vt 0.934191 0.490903
vt 0.921887 0.443097
vt 0.946922 0.490108
vt 0.945023 0.540330
vt 0.933677 0.540975
vt 0.957816 0.764770
vt 0.947264 0.788175
vt 0.939069 0.762730
vt 0.915768 0.784756
vt 0.517007 0.058071
vt 0.438859 0.082185
vt 0.475625 0.059869
vt 0.433905 0.065467
vt 0.471140 0.042313
vt 0.513092 0.040066
vt 0.557796 0.059543
vt 0.598338 0.062743
vt 0.517007 0.058071
vt 0.258378 0.488159
vt 0.243087 0.510760
vt 0.245019 0.473820
vt 0.268599 0.464911
vt 0.285069 0.480626
vt 0.433905 0.065467
vt 0.350359 0.085965
vt 0.392164 0.074736
vt 0.345347 0.074059
vt 0.564893 0.573676
vt 0.542198 0.586007
vt 0.559475 0.558988
vt 0.551343 0.606690
vt 0.514299 0.594502
vt 0.529153 0.571060
vt 0.666620 0.633425
vt 0.654273 0.612278
vt 0.661951 0.604504
vt 0.654668 0.635263
vt 0.646779 0.619033
vt 0.642797 0.599927
vt 0.648798 0.590300
vt 0.014366 0.770574
vt 0.003610 0.796803
vt 0.007220 0.764778
vt 0.021513 0.776370
vt 0.011165 0.799315
vt 0.018485 0.802190
vt 0.009758 0.825508
vt 0.000000 0.828827
vt 0.004577 0.848822
vt 0.017241 0.825496
vt 0.011868 0.846700
vt 0.018935 0.844843
vt 0.015771 0.865369
vt 0.009154 0.868817
vt 0.637076 0.574585
vt 0.633504 0.586107
vt 0.618039 0.579204
vt 0.618968 0.567839
vt 0.613541 0.682971
vt 0.626887 0.682513
vt 0.620835 0.673089
vt 0.627089 0.677278
vt 0.631625 0.666526
vt 0.640676 0.668577
vt 0.089723 0.816074
vt 0.084359 0.789510
vt 0.089723 0.790426
vt 0.084589 0.812059
vt 0.079001 0.788676
vt 0.078532 0.769104
vt 0.084127 0.766941
vt 0.089723 0.764778
vt 0.596196 0.579309
vt 0.594831 0.570857
vt 0.570943 0.583177
vt 0.567918 0.578427
vt 0.649818 0.654301
vt 0.660605 0.653578
vt 0.640390 0.655161
vt 0.645830 0.638920
vt 0.638068 0.624345
vt 0.637198 0.641276
vt 0.625242 0.628442
vt 0.626848 0.614433
vt 0.635392 0.607543
vt 0.631825 0.654620
vt 0.617872 0.657970
vt 0.624150 0.663698
vt 0.628164 0.640693
vt 0.596232 0.587457
vt 0.610914 0.598557
vt 0.615131 0.588280
vt 0.575785 0.593762
vt 0.573364 0.588469
vt 0.627809 0.595366
vt 0.618170 0.608198
vt 0.074265 0.804167
vt 0.079456 0.808044
vt 0.069075 0.800290
vt 0.073657 0.788025
vt 0.067564 0.774622
vt 0.073048 0.771863
vt 0.609193 0.676886
vt 0.614565 0.668146
vt 0.604357 0.671207
vt 0.608439 0.658153
vt 0.028582 0.782668
vt 0.035651 0.788966
vt 0.025691 0.805276
vt 0.029804 0.828179
vt 0.024335 0.825943
vt 0.025911 0.842974
vt 0.032728 0.841219
vt 0.029020 0.858090
vt 0.022388 0.861922
vt 0.620999 0.649032
vt 0.588498 0.662064
vt 0.599520 0.665529
vt 0.565650 0.646624
vt 0.588498 0.662063
vt 0.577476 0.658598
vt 0.564804 0.614206
vt 0.565650 0.646624
vt 0.553824 0.634650
vt 0.596337 0.601606
vt 0.596337 0.601606
vt 0.625242 0.628442
vt 0.620999 0.649032
vt 0.448424 0.734583
vt 0.452012 0.700354
vt 0.461611 0.687010
vt 0.468919 0.706412
vt 0.452012 0.700354
vt 0.479197 0.693272
vt 0.471558 0.688057
vt 0.476574 0.689457
vt 0.479197 0.693272
vt 0.420771 0.710837
vt 0.406730 0.698712
vt 0.440075 0.686966
vt 0.424377 0.679468
vt 0.457078 0.678517
vt 0.449316 0.673582
vt 0.454008 0.674585
vt 0.457078 0.678517
vt 0.420771 0.710837
vt 0.452012 0.700354
vt 0.469625 0.675953
vt 0.466982 0.661212
vt 0.483059 0.671947
vt 0.494190 0.697349
vt 0.494190 0.697349
vt 0.479197 0.693272
vt 0.471558 0.688057
vt 0.439474 0.665779
vt 0.449316 0.673582
vt 0.439474 0.665779
vt 0.456869 0.655903
vt 0.439413 0.661049
vt 0.439319 0.646200
vt 0.456869 0.655903
vt 0.940608 0.283412
vt 0.945942 0.002560
vt 0.986848 0.443827
vt 0.158976 0.280391
vt 0.615744 0.420665
vt 0.277521 0.078550
vt 0.046592 0.028824
vt 0.495473 0.588459
vt 0.321671 0.655961
vt 0.401557 0.477445
vt 0.419950 0.447371
vt 0.220454 0.675570
vt 0.227899 0.597271
vt 0.226652 0.081197
vt 0.328825 0.487948
vt 1.000000 0.737241
vt 0.911702 0.232938
vt 0.922229 0.068116
vt 0.663183 0.342921
vt 0.060392 0.850016
vt 0.456772 0.574913
vt 0.434907 0.525675
vt 0.355371 0.097872
vt 0.847512 0.722316
vt 0.098086 0.424196
vt 0.440228 0.275738
vt 0.527155 0.159638
vt 0.010625 0.557399
vt 0.321671 0.392308
vt 0.491679 0.679151
vt 0.483059 0.671947
vt 0.072318 0.556905
vt 0.503843 0.611628
vt 0.600480 0.703480
vt 0.364242 0.283066
vt 0.905286 0.541225
vt 0.506152 0.690573
vt 0.063017 0.657771
vt 0.490139 0.699205
vt 0.494190 0.697349
vt 0.956072 0.539820
vt 0.931516 0.786465
vt 0.252129 0.449195
vt 0.068319 0.787456
vt 0.032728 0.808573
vt 0.035651 0.854258
vt 0.599766 0.633493
vt 0.452012 0.700354
vt 0.491679 0.679151
vt 0.471558 0.688057
vt 0.449316 0.673582
s 1
usemtl Material
f 82/1/82 776/2/776 353/3/353
f 415/4/415 265/5/265 776/2/776
f 776/2/776 4/6/4 274/7/274
f 353/3/353 274/7/274 9/8/9
f 49/9/49 777/10/777 333/11/333
f 348/12/348 268/13/268 777/10/777
f 777/10/777 2/14/2 283/15/283
f 333/11/333 283/15/283 18/16/18
f 76/17/76 778/18/778 414/19/414
f 389/20/389 277/21/277 778/18/778
f 778/18/778 1/22/1 270/23/270
f 414/19/414 270/23/270 68/24/68
f 386/25/386 413/26/413 73/27/73
f 27/28/27 779/29/779 386/25/386
f 289/30/289 287/31/287 779/29/779
f 779/29/779 70/32/70 413/26/413
f 424/33/424 490/34/490 94/35/94
f 30/36/30 780/37/780 424/33/424
f 780/37/780 24/38/24 288/39/288
f 490/34/490 288/39/288 91/40/91
f 67/41/67 781/42/781 412/43/412
f 380/44/380 290/45/290 781/42/781
f 781/42/781 25/46/25 384/47/384
f 412/43/412 384/47/384 71/48/71
f 71/49/71 782/50/782 411/51/411
f 384/52/384 291/53/291 782/50/782
f 782/50/782 26/54/26 385/55/385
f 411/51/411 385/55/385 72/56/72
f 385/55/385 410/57/410 72/56/72
f 26/54/26 783/58/783 385/55/385
f 292/59/292 386/60/386 783/58/783
f 783/58/783 73/61/73 410/57/410
f 87/62/87 784/63/784 489/64/489
f 417/65/417 294/66/294 784/63/784
f 784/63/784 28/67/28 422/68/422
f 489/64/489 422/68/422 92/69/92
f 92/69/92 785/70/785 488/71/488
f 422/68/422 295/72/295 785/70/785
f 785/70/785 29/73/29 423/74/423
f 488/71/488 423/74/423 93/75/93
f 423/74/423 487/76/487 93/75/93
f 29/73/29 786/77/786 423/74/423
f 296/78/296 424/33/424 786/77/786
f 786/77/786 94/35/94 487/76/487
f 427/79/427 486/80/486 97/81/97
f 427/79/427 306/82/306 787/83/787
f 787/83/787 22/84/22 286/85/286
f 486/80/486 286/85/286 90/86/90
f 86/87/86 788/88/788 485/89/485
f 416/90/416 307/91/307 788/88/788
f 788/88/788 34/92/34 425/93/425
f 485/89/485 425/93/425 95/94/95
f 426/95/426 484/96/484 96/97/96
f 35/98/35 789/99/789 426/95/426
f 309/100/309 427/101/427 789/99/789
f 789/99/789 97/102/97 484/96/484
f 69/103/69 790/104/790 409/105/409
f 382/106/382 267/107/267 790/104/790
f 790/104/790 14/108/14 387/109/387
f 409/105/409 387/109/387 74/110/74
f 74/111/74 791/112/791 408/113/408
f 387/114/387 279/115/279 791/112/791
f 791/112/791 13/116/13 388/117/388
f 408/113/408 388/117/388 75/118/75
f 75/119/75 792/120/792 407/121/407
f 388/122/388 278/123/278 792/120/792
f 792/120/792 12/124/12 389/20/389
f 407/121/407 389/20/389 76/17/76
f 68/125/68 793/126/793 381/127/381
f 406/128/406 316/129/316 793/126/793
f 793/126/793 37/130/37 775/131/775
f 381/127/381 775/131/775 22/84/22
f 405/132/405 318/133/318 78/134/78
f 70/32/70 794/135/794 405/132/405
f 287/31/287 323/136/323 794/135/794
f 794/135/794 39/137/39 318/133/318
f 481/138/481 319/139/319 99/140/99
f 91/141/91 795/142/795 481/138/481
f 288/143/288 324/144/324 795/142/795
f 795/142/795 40/145/40 319/139/319
f 12/124/12 796/146/796 277/21/277
f 339/147/339 325/148/325 796/146/796
f 796/146/796 20/149/20 269/150/269
f 277/21/277 269/150/269 1/22/1
f 112/151/112 797/152/797 480/153/480
f 444/154/444 329/155/329 797/152/797
f 797/152/797 19/156/19 441/157/441
f 480/153/480 441/157/441 109/158/109
f 102/159/102 798/160/798 479/161/479
f 434/162/434 333/11/333 798/160/798
f 798/160/798 18/16/18 419/163/419
f 479/161/479 419/163/419 89/164/89
f 3/165/3 799/166/799 267/107/267
f 266/167/266 326/168/326 799/166/799
f 799/166/799 41/169/41 337/170/337
f 267/107/267 337/170/337 14/108/14
f 14/171/14 800/172/800 279/115/279
f 337/173/337 327/174/327 800/172/800
f 800/172/800 42/175/42 338/176/338
f 279/115/279 338/176/338 13/116/13
f 13/116/13 801/177/801 278/178/278
f 338/176/338 328/179/328 801/177/801
f 801/177/801 43/180/43 339/181/339
f 278/178/278 339/181/339 12/182/12
f 440/183/440 478/184/478 108/185/108
f 10/186/10 802/187/802 440/183/440
f 330/188/330 442/189/442 802/187/802
f 802/187/802 110/190/110 478/184/478
f 442/191/442 477/192/477 110/193/110
f 44/194/44 803/195/803 442/191/442
f 803/195/803 45/196/45 443/197/443
f 477/192/477 443/197/443 111/198/111
f 111/199/111 804/200/804 476/201/476
f 443/202/443 332/203/332 804/200/804
f 804/200/804 46/204/46 444/154/444
f 476/201/476 444/154/444 112/151/112
f 418/205/418 475/206/475 88/207/88
f 9/208/9 805/209/805 418/205/418
f 334/210/334 432/211/432 805/209/805
f 805/209/805 100/212/100 475/206/475
f 432/211/432 474/213/474 100/212/100
f 47/214/47 806/215/806 432/211/432
f 335/216/335 433/217/433 806/215/806
f 474/213/474 433/217/433 101/218/101
f 101/218/101 807/219/807 473/220/473
f 433/217/433 336/221/336 807/219/807
f 807/219/807 49/222/49 434/223/434
f 473/220/473 434/223/434 102/224/102
f 274/225/274 334/226/334 9/227/9
f 4/228/4 808/229/808 274/225/274
f 280/230/280 346/231/346 808/229/808
f 808/229/808 47/232/47 334/226/334
f 346/231/346 335/233/335 47/232/47
f 15/234/15 809/235/809 346/231/346
f 281/236/281 347/237/347 809/235/809
f 809/235/809 48/238/48 335/233/335
f 48/238/48 810/239/810 336/240/336
f 347/237/347 282/241/282 810/239/810
f 810/239/810 17/242/17 348/12/348
f 336/240/336 348/12/348 49/9/49
f 404/243/404 382/244/382 69/103/69
f 80/245/80 811/246/811 404/243/404
f 811/246/811 11/247/11 266/167/266
f 811/246/811 3/165/3 382/244/382
f 450/248/450 472/249/472 118/250/118
f 81/251/81 812/252/812 450/248/450
f 351/253/351 440/183/440 812/252/812
f 812/252/812 108/185/108 472/249/472
f 117/254/117 813/255/813 471/256/471
f 449/257/449 353/3/353 813/255/813
f 813/255/813 9/8/9 418/258/418
f 813/255/813 88/259/88 471/256/471
f 470/260/470 416/261/416 86/262/86
f 103/263/103 814/264/814 470/260/470
f 350/265/350 356/266/356 814/264/814
f 814/264/814 5/267/5 416/261/416
f 469/268/469 466/269/466 122/270/122
f 104/271/104 815/272/815 469/268/469
f 352/273/352 446/274/446 815/272/815
f 815/272/815 114/275/114 466/269/466
f 121/276/121 816/277/816 462/278/462
f 465/279/465 354/280/354 816/277/816
f 816/277/816 55/281/55 439/282/439
f 462/278/462 439/282/439 107/283/107
f 105/284/105 817/285/817 354/286/354
f 461/287/461 273/288/273 817/285/817
f 817/285/817 8/289/8 362/290/362
f 354/286/354 362/290/362 55/291/55
f 460/292/460 350/265/350 103/263/103
f 115/293/115 818/294/818 460/292/460
f 371/295/371 358/296/358 818/294/818
f 818/294/818 51/297/51 350/265/350
f 401/298/401 349/299/349 80/300/80
f 84/301/84 819/302/819 401/298/401
f 372/303/372 276/304/276 819/302/819
f 349/299/349 276/304/276 11/247/11
f 42/305/42 820/306/820 328/307/328
f 341/308/341 373/309/373 820/306/820
f 820/306/820 62/310/62 342/311/342
f 328/307/328 342/311/342 43/312/43
f 41/313/41 821/314/821 327/174/327
f 340/315/340 374/316/374 821/314/821
f 821/314/821 61/317/61 341/318/341
f 327/174/327 341/318/341 42/175/42
f 11/247/11 822/319/822 326/320/326
f 276/304/276 375/321/375 822/319/822
f 375/321/375 340/315/340 822/319/822
f 326/320/326 340/315/340 41/313/41
f 43/312/43 823/322/823 325/148/325
f 342/311/342 376/323/376 823/322/823
f 823/322/823 57/324/57 285/325/285
f 325/148/325 285/325/285 20/149/20
f 98/326/98 824/327/824 769/328/769
f 377/329/377 459/330/459 116/331/116
f 59/332/59 824/327/824 377/333/377
f 317/334/317 322/335/322 38/336/38
f 259/337/259 824/327/824 317/338/317
f 77/339/77 825/340/825 316/129/316
f 400/341/400 378/342/378 825/340/825
f 825/340/825 58/343/58 321/344/321
f 316/129/316 321/344/321 37/130/37
f 96/345/96 826/346/826 458/347/458
f 311/348/311 379/349/379 826/346/826
f 826/346/826 31/350/31 310/351/310
f 458/347/458 310/351/310 95/94/95
f 20/352/20 827/353/827 390/354/390
f 285/355/285 397/356/397 827/353/827
f 827/353/827 85/357/85 400/341/400
f 390/354/390 400/341/400 77/339/77
f 358/358/358 393/359/393 51/360/51
f 64/361/64 828/362/828 358/358/358
f 396/363/396 401/364/401 828/362/828
f 828/362/828 80/245/80 393/359/393
f 107/283/107 829/365/829 457/366/457
f 439/282/439 395/367/395 829/365/829
f 829/365/829 82/368/82 449/369/449
f 457/366/457 449/369/449 117/370/117
f 446/371/446 456/372/456 114/373/114
f 53/374/53 830/375/830 446/371/446
f 830/375/830 81/251/81 450/248/450
f 456/372/456 450/248/450 118/250/118
f 356/376/356 271/377/271 5/378/5
f 51/360/51 831/379/831 356/376/356
f 393/359/393 404/243/404 831/379/831
f 831/379/831 69/103/69 271/377/271
f 283/15/283 391/380/391 18/16/18
f 2/14/2 832/381/832 283/15/283
f 383/382/383 405/132/405 832/381/832
f 832/381/832 78/134/78 391/380/391
f 116/331/116 833/383/833 377/384/377
f 365/385/365 455/386/455 83/387/83
f 59/332/59 833/383/833 365/385/365
f 419/388/419 453/389/453 89/390/89
f 18/391/18 834/392/834 419/388/419
f 78/393/78 834/392/834 391/394/391
f 1/395/1 835/396/835 270/397/270
f 269/398/269 390/354/390 835/396/835
f 835/396/835 77/339/77 406/128/406
f 270/397/270 406/128/406 68/125/68
f 314/399/314 309/100/309 35/98/35
f 75/119/75 836/400/836 314/399/314
f 407/121/407 315/401/315 836/400/836
f 836/400/836 36/402/36 309/100/309
f 34/403/34 837/404/837 308/405/308
f 313/406/313 408/407/408 837/404/837
f 837/404/837 75/119/75 314/399/314
f 308/405/308 314/399/314 35/98/35
f 5/378/5 838/408/838 307/409/307
f 271/410/271 409/105/409 838/408/838
f 838/408/838 74/110/74 313/406/313
f 307/409/307 313/406/313 34/403/34
f 298/411/298 282/241/282 16/412/16
f 72/56/72 839/413/839 298/411/298
f 410/57/410 299/414/299 839/413/839
f 839/413/839 17/415/17 282/241/282
f 15/416/15 840/417/840 281/236/281
f 297/418/297 411/51/411 840/417/840
f 840/417/840 72/56/72 298/411/298
f 281/236/281 298/411/298 16/412/16
f 4/228/4 841/419/841 280/230/280
f 265/420/265 412/43/412 841/419/841
f 841/419/841 71/48/71 297/421/297
f 280/230/280 297/421/297 15/234/15
f 299/422/299 268/13/268 17/242/17
f 73/27/73 842/423/842 299/422/299
f 413/26/413 383/424/383 842/423/842
f 842/423/842 2/14/2 268/13/268
f 36/425/36 843/426/843 306/82/306
f 315/427/315 414/428/414 843/426/843
f 843/426/843 68/125/68 381/429/381
f 306/82/306 381/429/381 22/84/22
f 55/291/55 844/430/844 395/431/395
f 362/290/362 380/432/380 844/430/844
f 844/430/844 67/433/67 415/4/415
f 395/431/395 415/4/415 82/1/82
f 119/434/119 845/435/845 451/436/451
f 441/437/441 482/438/482 109/439/109
f 398/440/398 441/437/441 19/441/19
f 65/442/65 845/435/845 398/440/398
f 378/443/378 429/444/429 58/343/58
f 451/445/451 378/342/378 85/446/85
f 392/447/392 319/448/319 40/449/40
f 79/450/79 846/451/846 392/447/392
f 452/452/452 454/453/454 846/451/846
f 846/451/846 99/140/99 319/448/319
f 430/454/430 318/455/318 39/456/39
f 66/457/66 847/458/847 430/459/430
f 284/460/284 399/461/399 19/462/19
f 89/390/89 847/458/847 284/463/284
f 318/455/318 453/464/453 78/393/78
f 370/465/370 396/363/396 64/361/64
f 114/373/114 848/466/848 370/465/370
f 456/372/456 403/467/403 848/466/848
f 848/466/848 84/301/84 396/363/396
f 360/468/360 394/469/394 53/470/53
f 360/468/360 457/471/457 849/472/849
f 849/472/849 117/254/117 402/473/402
f 394/469/394 402/473/402 81/474/81
f 35/475/35 850/476/850 308/477/308
f 426/95/426 458/478/458 850/476/850
f 850/476/850 95/479/95 425/480/425
f 308/477/308 425/480/425 34/403/34
f 37/130/37 851/481/851 428/482/428
f 321/344/321 448/483/448 851/481/851
f 448/483/448 459/484/459 851/481/851
f 428/482/428 459/484/459 98/485/98
f 50/486/50 852/487/852 435/488/435
f 357/489/357 447/490/447 852/487/852
f 852/487/852 115/293/115 460/491/460
f 435/488/435 460/491/460 103/492/103
f 54/493/54 853/494/853 437/495/437
f 361/496/361 417/497/417 853/494/853
f 853/494/853 87/498/87 461/287/461
f 437/495/437 461/287/461 105/284/105
f 464/499/464 352/273/352 104/271/104
f 121/276/121 854/500/854 464/499/464
f 854/500/854 107/501/107 360/468/360
f 854/500/854 53/470/53 352/273/352
f 359/502/359 436/503/436 52/504/52
f 106/505/106 855/506/855 359/502/359
f 463/507/463 464/508/464 855/506/855
f 855/506/855 104/509/104 436/503/436
f 106/505/106 856/510/856 463/507/463
f 438/511/438 437/512/437 856/510/856
f 856/510/856 105/513/105 465/279/465
f 463/507/463 465/279/465 121/276/121
f 468/514/468 371/295/371 115/293/115
f 122/270/122 857/515/857 468/514/468
f 466/269/466 370/516/370 857/515/857
f 857/515/857 64/517/64 371/295/371
f 63/518/63 858/519/858 447/490/447
f 113/520/113 858/519/858 369/521/369
f 467/522/467 468/523/468 858/519/858
f 858/519/858 115/293/115 447/490/447
f 445/524/445 467/522/467 113/520/113
f 52/504/52 859/525/859 445/524/445
f 436/503/436 469/526/469 859/525/859
f 859/525/859 122/527/122 467/522/467
f 355/528/355 272/529/272 6/530/6
f 355/528/355 435/488/435 860/531/860
f 860/531/860 103/263/103 470/260/470
f 860/531/860 86/262/86 272/529/272
f 81/474/81 861/532/861 351/533/351
f 402/473/402 471/256/471 861/532/861
f 471/256/471 275/534/275 861/532/861
f 861/532/861 10/535/10 351/533/351
f 403/536/403 372/303/372 84/301/84
f 118/537/118 862/538/862 403/536/403
f 472/539/472 363/540/363 862/538/862
f 862/538/862 56/541/56 372/303/372
f 45/196/45 863/542/863 332/203/332
f 344/543/344 473/220/473 863/542/863
f 863/542/863 102/224/102 345/544/345
f 332/203/332 345/544/345 46/204/46
f 343/545/343 331/546/331 44/194/44
f 100/547/100 864/548/864 343/545/343
f 864/548/864 101/549/101 344/550/344
f 331/546/331 344/550/344 45/196/45
f 275/551/275 330/188/330 10/186/10
f 88/207/88 865/552/865 275/551/275
f 475/206/475 343/553/343 865/552/865
f 865/552/865 44/554/44 330/188/330
f 61/555/61 866/556/866 373/309/373
f 367/557/367 476/201/476 866/556/866
f 866/556/866 112/151/112 368/558/368
f 373/309/373 368/558/368 62/310/62
f 366/559/366 374/316/374 60/560/60
f 110/193/110 867/561/867 366/559/366
f 867/561/867 111/198/111 367/562/367
f 374/316/374 367/562/367 61/317/61
f 363/540/363 375/321/375 56/541/56
f 108/563/108 868/564/868 363/540/363
f 478/565/478 366/559/366 868/564/868
f 868/564/868 60/560/60 375/321/375
f 46/566/46 869/567/869 329/568/329
f 345/569/345 479/161/479 869/567/869
f 869/567/869 89/164/89 284/570/284
f 329/568/329 284/570/284 19/571/19
f 62/572/62 870/573/870 376/574/376
f 368/575/368 480/576/480 870/573/870
f 870/573/870 109/439/109 364/577/364
f 376/574/376 364/577/364 57/578/57
f 323/579/323 431/580/431 39/456/39
f 23/581/23 871/582/871 323/579/323
f 421/583/421 481/138/481 871/582/871
f 871/582/871 99/140/99 431/580/431
f 397/584/397 451/445/451 85/585/85
f 57/578/57 872/586/872 397/584/397
f 364/587/364 482/588/482 872/586/872
f 872/586/872 119/434/119 451/445/451
f 775/589/775 286/590/286 22/591/22
f 428/592/428 775/593/775 37/594/37
f 98/595/98 873/596/873 428/597/428
f 262/598/262 873/596/873 772/599/772
f 258/600/258 873/596/873 766/601/766
f 286/602/286 483/603/483 90/604/90
f 311/348/311 305/605/305 32/606/32
f 96/345/96 874/607/874 311/348/311
f 484/608/484 312/609/312 874/607/874
f 874/607/874 33/610/33 305/605/305
f 6/611/6 875/612/875 304/613/304
f 272/614/272 485/89/485 875/612/875
f 875/612/875 95/94/95 310/615/310
f 304/613/304 310/615/310 31/616/31
f 312/617/312 303/618/303 33/619/33
f 97/81/97 876/620/876 312/617/312
f 876/620/876 90/86/90 420/621/420
f 303/618/303 420/621/420 21/622/21
f 301/623/301 292/59/292 26/54/26
f 93/624/93 877/625/877 301/623/301
f 487/626/487 302/627/302 877/625/877
f 877/625/877 27/628/27 292/59/292
f 25/629/25 878/630/878 291/53/291
f 300/631/300 488/632/488 878/630/878
f 878/630/878 93/624/93 301/623/301
f 291/53/291 301/623/301 26/54/26
f 8/633/8 879/634/879 290/45/290
f 273/635/273 489/64/489 879/634/879
f 879/634/879 92/69/92 300/636/300
f 290/45/290 300/636/300 25/46/25
f 302/637/302 289/30/289 27/28/27
f 94/35/94 880/638/880 302/637/302
f 880/638/880 91/40/91 421/639/421
f 289/30/289 421/639/421 23/640/23
f 120/641/120 881/642/881 492/643/492
f 452/644/452 491/645/491 881/642/881
f 881/642/881 83/646/83 455/647/455
f 492/643/492 455/647/455 116/331/116
f 66/457/66 882/648/882 502/649/502
f 430/650/430 501/651/501 882/648/882
f 882/648/882 124/652/124 496/653/496
f 502/649/502 496/653/496 127/654/127
f 492/643/492 504/655/504 120/641/120
f 116/331/116 883/656/883 492/643/492
f 503/657/503 500/658/500 883/656/883
f 883/656/883 130/659/130 504/655/504
f 448/660/448 503/661/503 116/662/116
f 58/663/58 884/664/884 448/660/448
f 505/665/505 498/666/498 884/664/884
f 884/664/884 129/667/129 503/661/503
f 39/456/39 885/668/885 501/651/501
f 431/669/431 506/670/506 885/668/885
f 885/668/885 128/671/128 497/672/497
f 501/651/501 497/672/497 124/652/124
f 398/673/398 508/674/508 65/675/65
f 398/673/398 507/676/507 886/677/886
f 886/677/886 123/678/123 493/679/493
f 508/674/508 493/679/493 126/680/126
f 58/663/58 887/681/887 505/665/505
f 429/682/429 508/683/508 887/681/887
f 887/681/887 126/684/126 495/685/495
f 505/665/505 495/685/495 125/686/125
f 454/453/454 506/670/506 99/140/99
f 120/641/120 888/687/888 454/453/454
f 888/687/888 130/659/130 499/688/499
f 506/670/506 499/688/499 128/671/128
f 19/462/19 889/689/889 507/690/507
f 399/691/399 502/649/502 889/689/889
f 889/689/889 127/654/127 494/692/494
f 507/690/507 494/692/494 123/693/123
f 127/654/127 890/694/890 518/695/518
f 496/653/496 517/696/517 890/694/890
f 890/694/890 132/697/132 512/698/512
f 518/695/518 512/698/512 135/699/135
f 123/693/123 891/700/891 519/701/519
f 494/692/494 518/695/518 891/700/891
f 891/700/891 135/699/135 510/702/510
f 891/700/891 131/703/131 519/701/519
f 128/671/128 892/704/892 521/705/521
f 499/688/499 520/706/520 892/704/892
f 892/704/892 138/707/138 515/708/515
f 892/704/892 136/709/136 521/705/521
f 124/652/124 893/710/893 517/696/517
f 497/672/497 521/705/521 893/710/893
f 893/710/893 136/709/136 513/711/513
f 517/696/517 513/711/513 132/697/132
f 495/685/495 523/712/523 125/686/125
f 495/685/495 522/713/522 894/714/894
f 894/714/894 134/715/134 511/716/511
f 894/714/894 133/717/133 523/712/523
f 126/680/126 895/718/895 522/719/522
f 493/679/493 519/720/519 895/718/895
f 895/718/895 131/721/131 509/722/509
f 522/719/522 509/722/509 134/723/134
f 500/658/500 520/706/520 130/659/130
f 129/724/129 896/725/896 500/658/500
f 896/725/896 137/726/137 516/727/516
f 896/725/896 138/707/138 520/706/520
f 498/666/498 524/728/524 129/667/129
f 125/686/125 897/729/897 498/666/498
f 523/712/523 514/730/514 897/729/897
f 897/729/897 137/731/137 524/728/524
f 510/702/510 509/732/509 131/703/131
f 512/698/512 510/733/510 135/699/135
f 513/711/513 512/698/512 132/697/132
f 515/708/515 513/734/513 136/709/136
f 516/727/516 515/708/515 138/707/138
f 514/735/514 516/736/516 137/726/137
f 511/737/511 514/735/514 133/738/133
f 509/739/509 511/740/511 134/741/134
f 202/742/202 899/743/899 658/744/658
f 604/745/604 534/746/534 899/743/899
f 899/743/899 142/747/142 525/748/525
f 658/744/658 525/748/525 188/749/188
f 175/750/175 900/751/900 599/752/599
f 584/753/584 543/754/543 900/751/900
f 900/751/900 140/755/140 528/756/528
f 599/752/599 528/756/528 153/757/153
f 197/758/197 901/759/901 633/760/633
f 657/761/657 530/762/530 901/759/901
f 901/759/901 139/763/139 537/764/537
f 633/760/633 537/764/537 148/765/148
f 656/766/656 630/767/630 194/768/194
f 191/769/191 902/770/902 656/766/656
f 547/771/547 549/772/549 902/770/902
f 902/770/902 161/773/161 630/767/630
f 731/774/731 667/775/667 213/776/213
f 731/774/731 548/777/548 903/778/903
f 903/778/903 24/779/24 293/780/293
f 903/778/903 30/781/30 667/775/667
f 188/782/188 904/783/904 624/784/624
f 655/785/655 628/786/628 904/783/904
f 904/783/904 159/787/159 550/788/550
f 624/784/624 550/788/550 144/789/144
f 192/790/192 905/791/905 628/786/628
f 654/792/654 629/793/629 905/791/905
f 905/791/905 160/794/160 551/795/551
f 628/786/628 551/795/551 159/787/159
f 653/796/653 629/793/629 193/797/193
f 194/768/194 906/798/906 653/796/653
f 630/799/630 552/800/552 906/798/906
f 906/798/906 160/801/160 629/793/629
f 206/802/206 907/803/907 660/804/660
f 730/805/730 665/806/665 907/803/907
f 907/803/907 28/807/28 294/808/294
f 660/804/660 294/808/294 7/809/7
f 211/810/211 908/811/908 665/812/665
f 729/813/729 666/814/666 908/811/908
f 908/811/908 29/815/29 295/816/295
f 665/812/665 295/816/295 28/817/28
f 728/818/728 666/814/666 212/819/212
f 213/776/213 909/820/909 728/818/728
f 667/775/667 296/821/296 909/820/909
f 909/820/909 29/815/29 666/814/666
f 727/822/727 670/823/670 216/824/216
f 727/822/727 546/825/546 910/826/910
f 910/826/910 157/827/157 559/828/559
f 670/823/670 559/828/559 164/829/164
f 205/830/205 911/831/911 659/832/659
f 726/833/726 668/834/668 911/831/911
f 911/831/911 162/835/162 560/836/560
f 659/832/659 560/836/560 143/837/143
f 725/838/725 669/839/669 215/840/215
f 216/841/216 912/842/912 725/838/725
f 670/843/670 562/844/562 912/842/912
f 912/842/912 163/845/163 669/839/669
f 190/846/190 913/847/913 626/848/626
f 652/849/652 631/850/631 913/847/913
f 913/847/913 150/851/150 527/852/527
f 626/848/626 527/852/527 141/853/141
f 195/854/195 914/855/914 631/856/631
f 651/857/651 632/858/632 914/855/914
f 914/855/914 149/859/149 539/860/539
f 631/856/631 539/860/539 150/851/150
f 196/861/196 915/862/915 632/858/632
f 650/863/650 633/864/633 915/862/915
f 915/862/915 148/765/148 538/865/538
f 632/858/632 538/865/538 149/859/149
f 189/866/189 916/867/916 649/868/649
f 625/869/625 573/870/573 916/867/916
f 916/867/916 165/871/165 569/872/569
f 649/868/649 569/872/569 198/873/198
f 571/874/571 648/875/648 199/876/199
f 166/877/166 917/878/917 571/874/571
f 575/879/575 547/880/547 917/878/917
f 917/878/917 191/881/191 648/875/648
f 572/882/572 722/883/722 218/884/218
f 40/145/40 918/885/918 572/882/572
f 324/886/324 548/887/548 918/885/918
f 918/885/918 210/888/210 722/883/722
f 148/765/148 919/889/919 590/890/590
f 537/764/537 529/891/529 919/889/919
f 919/889/919 156/892/156 576/893/576
f 590/890/590 576/893/576 169/894/169
f 230/895/230 920/896/920 686/897/686
f 721/898/721 683/899/683 920/896/920
f 920/896/920 155/900/155 580/901/580
f 686/897/686 580/901/580 172/902/172
f 221/903/221 921/904/921 677/905/677
f 720/906/720 662/907/662 921/904/921
f 921/904/921 154/908/154 584/753/584
f 677/905/677 584/753/584 175/750/175
f 141/853/141 922/909/922 526/910/526
f 527/852/527 588/911/588 922/909/922
f 922/909/922 167/912/167 577/913/577
f 526/910/526 577/913/577 147/914/147
f 150/851/150 923/915/923 588/916/588
f 539/860/539 589/917/589 923/915/923
f 923/915/923 168/918/168 578/919/578
f 588/916/588 578/919/578 167/920/167
f 149/921/149 924/922/924 589/917/589
f 538/923/538 590/890/590 924/922/924
f 924/922/924 169/894/169 579/924/579
f 589/917/589 579/924/579 168/918/168
f 719/925/719 682/926/682 226/927/226
f 228/928/228 925/929/925 719/925/719
f 684/930/684 581/931/581 925/929/925
f 925/929/925 146/932/146 682/926/682
f 718/933/718 684/930/684 228/928/228
f 718/933/718 685/934/685 926/935/926
f 926/935/926 171/936/171 582/937/582
f 926/935/926 170/938/170 684/930/684
f 229/939/229 927/940/927 685/941/685
f 717/942/717 686/897/686 927/940/927
f 927/940/927 172/902/172 583/943/583
f 685/941/685 583/943/583 171/944/171
f 716/945/716 661/946/661 207/947/207
f 219/948/219 928/949/928 716/945/716
f 675/950/675 585/951/585 928/949/928
f 928/949/928 145/952/145 661/946/661
f 715/953/715 675/954/675 219/955/219
f 715/953/715 676/956/676 929/957/929
f 676/956/676 586/958/586 929/957/929
f 929/957/929 173/959/173 675/954/675
f 220/960/220 930/961/930 676/962/676
f 714/963/714 677/964/677 930/961/930
f 930/961/930 175/750/175 587/965/587
f 676/962/676 587/965/587 174/966/174
f 585/967/585 534/968/534 145/969/145
f 173/959/173 931/970/931 585/967/585
f 597/971/597 540/972/540 931/970/931
f 931/970/931 142/973/142 534/968/534
f 586/958/586 597/971/597 173/959/173
f 174/966/174 932/974/932 586/958/586
f 598/975/598 541/976/541 932/974/932
f 932/974/932 151/977/151 597/971/597
f 174/966/174 933/978/933 598/975/598
f 587/965/587 599/979/599 933/978/933
f 933/978/933 153/980/153 542/981/542
f 598/975/598 542/981/542 152/982/152
f 626/983/626 647/984/647 190/985/190
f 141/853/141 934/986/934 626/983/626
f 934/986/934 147/914/147 600/987/600
f 934/986/934 200/988/200 647/984/647
f 713/989/713 691/990/691 235/991/235
f 226/992/226 935/993/935 713/989/713
f 682/994/682 602/995/602 935/993/935
f 935/993/935 201/996/201 691/990/691
f 234/997/234 936/998/936 690/999/690
f 207/947/207 936/998/936 712/1000/712
f 936/998/936 145/952/145 604/745/604
f 690/999/690 604/745/604 202/742/202
f 659/1001/659 711/1002/711 205/1003/205
f 143/1004/143 937/1005/937 659/1001/659
f 606/1006/606 601/1007/601 937/1005/937
f 937/1005/937 222/1008/222 711/1002/711
f 707/1009/707 710/1010/710 239/1011/239
f 231/1012/231 938/1013/938 707/1009/707
f 687/1014/687 603/1015/603 938/1013/938
f 938/1013/938 223/1016/223 710/1010/710
f 238/1017/238 939/1018/939 706/1019/706
f 703/1020/703 681/1021/681 939/1018/939
f 939/1018/939 178/1022/178 605/1023/605
f 706/1019/706 605/1023/605 224/1024/224
f 224/1025/224 940/1026/940 702/1027/702
f 605/1028/605 609/1029/609 940/1026/940
f 940/1026/940 144/1030/144 533/1031/533
f 702/1027/702 533/1031/533 206/1032/206
f 601/1007/601 701/1033/701 222/1008/222
f 176/1034/176 941/1035/941 601/1007/601
f 607/1036/607 616/1037/616 941/1035/941
f 941/1035/941 232/1038/232 701/1033/701
f 600/1039/600 644/1040/644 200/1041/200
f 600/1039/600 536/1042/536 942/1043/942
f 536/1042/536 617/1044/617 942/1043/942
f 942/1043/942 203/1045/203 644/1040/644
f 168/918/168 943/1046/943 592/1047/592
f 579/924/579 593/1048/593 943/1046/943
f 943/1046/943 184/1049/184 618/1050/618
f 592/1047/592 618/1050/618 183/1051/183
f 167/920/167 944/1052/944 591/1053/591
f 578/919/578 592/1054/592 944/1052/944
f 944/1052/944 183/1055/183 619/1056/619
f 591/1053/591 619/1056/619 182/1057/182
f 147/914/147 945/1058/945 536/1059/536
f 577/913/577 591/1060/591 945/1058/945
f 591/1060/591 620/1061/620 945/1058/945
f 536/1059/536 620/1061/620 179/1062/179
f 169/1063/169 946/1064/946 593/1065/593
f 576/1066/576 545/1067/545 946/1064/946
f 946/1064/946 180/1068/180 621/1069/621
f 593/1065/593 621/1069/621 184/1070/184
f 217/1071/217 947/1072/947 700/1073/700
f 260/1074/260 947/1072/947 770/1075/770
f 38/336/38 947/1072/947 570/1076/570
f 622/1077/622 322/1078/322 59/332/59
f 700/1073/700 622/1079/622 233/1080/233
f 198/873/198 948/1081/948 643/1082/643
f 569/872/569 574/1083/574 948/1081/948
f 948/1081/948 181/1084/181 623/1085/623
f 643/1082/643 623/1085/623 204/1086/204
f 215/1087/215 949/1088/949 564/1089/564
f 699/1090/699 563/1091/563 949/1088/949
f 949/1088/949 31/1092/31 379/1093/379
f 564/1089/564 379/1093/379 32/1094/32
f 156/1095/156 950/1096/950 545/1097/545
f 634/1098/634 643/1082/643 950/1096/950
f 950/1096/950 204/1086/204 640/1099/640
f 545/1097/545 640/1099/640 180/1100/180
f 636/1101/636 607/1036/607 176/1034/176
f 200/1041/200 951/1102/951 636/1101/636
f 644/1040/644 639/1103/639 951/1102/951
f 951/1102/951 185/1104/185 607/1036/607
f 225/1105/225 952/1106/952 681/1021/681
f 698/1107/698 690/1108/690 952/1106/952
f 952/1106/952 202/1109/202 638/1110/638
f 681/1021/681 638/1110/638 178/1022/178
f 697/1111/697 687/1014/687 231/1012/231
f 697/1111/697 691/1112/691 953/1113/953
f 953/1113/953 201/1114/201 637/1115/637
f 953/1113/953 177/1116/177 687/1014/687
f 531/1117/531 606/1118/606 143/837/143
f 190/985/190 954/1119/954 531/1117/531
f 647/984/647 636/1120/636 954/1119/954
f 954/1119/954 176/1121/176 606/1118/606
f 635/1122/635 543/754/543 154/908/154
f 199/876/199 955/1123/955 635/1122/635
f 648/875/648 627/1124/627 955/1123/955
f 955/1123/955 140/755/140 543/754/543
f 233/1080/233 956/1125/956 696/1126/696
f 59/332/59 956/1125/956 622/1077/622
f 696/1126/696 365/1127/365 83/1128/83
f 694/1129/694 662/1130/662 208/1131/208
f 199/1132/199 957/1133/957 694/1134/694
f 154/1135/154 957/1133/957 635/1136/635
f 139/1137/139 958/1138/958 529/1139/529
f 530/1140/530 649/868/649 958/1138/958
f 958/1138/958 198/873/198 634/1098/634
f 529/1139/529 634/1098/634 156/1095/156
f 562/844/562 567/1141/567 163/845/163
f 164/1142/164 959/1143/959 562/844/562
f 568/1144/568 650/863/650 959/1143/959
f 959/1143/959 196/861/196 567/1141/567
f 162/1145/162 960/1146/960 566/1147/566
f 561/1148/561 567/1141/567 960/1146/960
f 960/1146/960 196/861/196 651/857/651
f 566/1147/566 651/857/651 195/854/195
f 143/837/143 961/1149/961 531/1117/531
f 560/836/560 566/1150/566 961/1149/961
f 961/1149/961 195/1151/195 652/849/652
f 531/1117/531 652/849/652 190/846/190
f 542/981/542 554/1152/554 152/982/152
f 153/980/153 962/1153/962 542/981/542
f 555/1154/555 653/796/653 962/1153/962
f 962/1153/962 193/797/193 554/1152/554
f 151/1155/151 963/1156/963 553/1157/553
f 541/976/541 554/1152/554 963/1156/963
f 963/1156/963 193/797/193 654/1158/654
f 553/1157/553 654/1158/654 192/1159/192
f 142/973/142 964/1160/964 525/1161/525
f 540/972/540 553/1162/553 964/1160/964
f 964/1160/964 192/790/192 655/785/655
f 525/1161/525 655/785/655 188/782/188
f 528/756/528 555/1163/555 153/757/153
f 140/755/140 965/1164/965 528/756/528
f 627/1165/627 656/766/656 965/1164/965
f 965/1164/965 194/768/194 555/1163/555
f 164/829/164 966/1166/966 568/1144/568
f 559/828/559 625/1167/625 966/1166/966
f 966/1166/966 189/1168/189 657/761/657
f 568/1144/568 657/761/657 197/758/197
f 178/1169/178 967/1170/967 609/1029/609
f 638/1171/638 658/744/658 967/1170/967
f 967/1170/967 188/749/188 624/1172/624
f 609/1029/609 624/1172/624 144/1030/144
f 236/1173/236 968/1174/968 723/1175/723
f 623/1085/623 692/1176/692 204/1177/204
f 672/1178/672 623/1179/623 181/1084/181
f 186/1180/186 968/1174/968 672/1178/672
f 683/1181/683 641/1182/641 155/1183/155
f 723/1184/723 683/1181/683 227/1185/227
f 572/1186/572 392/1187/392 40/1188/40
f 218/884/218 969/1189/969 572/1186/572
f 695/1190/695 693/1191/693 969/1189/969
f 969/1189/969 79/1192/79 392/1187/392
f 571/1193/571 673/1194/673 166/877/166
f 694/1195/694 571/1196/571 199/1197/199
f 208/1131/208 970/1198/970 694/1129/694
f 642/1199/642 544/1200/544 155/900/155
f 187/1201/187 970/1198/970 642/1202/642
f 639/1203/639 615/1204/615 185/1205/185
f 203/1206/203 971/1207/971 639/1203/639
f 646/1208/646 697/1111/697 971/1207/971
f 971/1207/971 231/1012/231 615/1204/615
f 637/1115/637 608/1209/608 177/1116/177
f 637/1115/637 645/1210/645 972/1211/972
f 972/1211/972 234/1212/234 698/1107/698
f 608/1209/608 698/1107/698 225/1105/225
f 163/1213/163 973/1214/973 669/1215/669
f 561/1216/561 668/1217/668 973/1214/973
f 973/1214/973 214/1218/214 699/1090/699
f 669/1215/669 699/1090/699 215/1087/215
f 165/871/165 974/1219/974 574/1083/574
f 671/1220/671 700/1073/700 974/1219/974
f 700/1073/700 689/1221/689 974/1219/974
f 574/1083/574 689/1221/689 181/1084/181
f 50/486/50 975/1222/975 357/1223/357
f 678/1224/678 701/1225/701 975/1222/975
f 975/1222/975 232/1226/232 688/1227/688
f 357/1223/357 688/1227/688 63/1228/63
f 54/493/54 976/1229/976 361/496/361
f 680/1230/680 702/1027/702 976/1229/976
f 976/1229/976 206/1032/206 660/1231/660
f 361/496/361 660/1231/660 7/809/7
f 603/1015/603 705/1232/705 223/1016/223
f 177/1116/177 977/1233/977 603/1015/603
f 977/1233/977 225/1105/225 703/1020/703
f 977/1233/977 238/1017/238 705/1232/705
f 679/1234/679 359/1235/359 52/1236/52
f 223/1016/223 978/1237/978 679/1234/679
f 705/1232/705 704/1238/704 978/1237/978
f 978/1237/978 106/1239/106 359/1235/359
f 106/1239/106 979/1240/979 438/1241/438
f 704/1238/704 706/1019/706 979/1240/979
f 979/1240/979 224/1024/224 680/1242/680
f 438/1241/438 680/1242/680 54/493/54
f 616/1037/616 709/1243/709 232/1226/232
f 185/1205/185 980/1244/980 616/1037/616
f 615/1204/615 707/1009/707 980/1244/980
f 980/1244/980 239/1011/239 709/1243/709
f 63/1228/63 981/1245/981 369/1246/369
f 232/1226/232 981/1245/981 688/1227/688
f 709/1243/709 708/1247/708 981/1245/981
f 981/1245/981 113/1248/113 369/1246/369
f 708/1247/708 445/1249/445 113/1248/113
f 239/1011/239 982/1250/982 708/1247/708
f 710/1010/710 679/1234/679 982/1250/982
f 982/1250/982 52/1236/52 445/1249/445
f 532/1251/532 355/528/355 6/530/6
f 205/1003/205 983/1252/983 532/1251/532
f 983/1252/983 222/1008/222 678/1253/678
f 355/528/355 678/1253/678 50/1254/50
f 201/996/201 984/1255/984 645/1256/645
f 146/1257/146 984/1255/984 602/995/602
f 535/1258/535 712/1000/712 984/1255/984
f 645/1256/645 712/1000/712 234/997/234
f 617/1044/617 646/1259/646 203/1045/203
f 179/1260/179 985/1261/985 617/1044/617
f 610/1262/610 713/989/713 985/1261/985
f 985/1261/985 235/991/235 646/1259/646
f 171/944/171 986/1263/986 595/1264/595
f 583/943/583 596/1265/596 986/1263/986
f 986/1263/986 221/903/221 714/1266/714
f 595/1264/595 714/1266/714 220/1267/220
f 582/1268/582 594/1269/594 170/1270/170
f 582/1268/582 595/1264/595 987/1271/987
f 987/1271/987 220/1267/220 715/953/715
f 987/1271/987 219/955/219 594/1269/594
f 581/1272/581 535/1258/535 146/1257/146
f 170/1273/170 988/1274/988 581/1272/581
f 594/1275/594 716/945/716 988/1274/988
f 988/1274/988 207/947/207 535/1258/535
f 183/1051/183 989/1276/989 613/1277/613
f 618/1050/618 614/1278/614 989/1276/989
f 989/1276/989 230/1279/230 717/1280/717
f 613/1277/613 717/1280/717 229/1281/229
f 619/1282/619 612/1283/612 182/1284/182
f 619/1282/619 613/1277/613 990/1285/990
f 990/1285/990 229/1281/229 718/933/718
f 990/1285/990 228/928/228 612/1283/612
f 620/1061/620 610/1286/610 179/1062/179
f 182/1284/182 991/1287/991 620/1061/620
f 612/1283/612 719/925/719 991/1287/991
f 991/1287/991 226/927/226 610/1286/610
f 172/902/172 992/1288/992 596/1265/596
f 580/901/580 544/1200/544 992/1288/992
f 992/1288/992 208/1289/208 720/906/720
f 596/1265/596 720/906/720 221/903/221
f 184/1070/184 993/1290/993 614/1291/614
f 621/1069/621 611/1292/611 993/1290/993
f 993/1290/993 227/1293/227 721/898/721
f 614/1291/614 721/898/721 230/895/230
f 674/1294/674 575/1295/575 166/1296/166
f 218/884/218 994/1297/994 674/1294/674
f 722/883/722 664/1298/664 994/1297/994
f 994/1297/994 158/1299/158 575/1295/575
f 692/1176/692 640/1300/640 204/1301/204
f 236/1173/236 995/1302/995 692/1176/692
f 723/1175/723 611/1303/611 995/1302/995
f 995/1302/995 180/1100/180 640/1300/640
f 546/1304/546 573/1305/573 157/1306/157
f 724/1307/724 546/1304/546 209/1308/209
f 256/1309/256 996/1310/996 724/1307/724
f 261/1311/261 996/1310/996 765/1312/765
f 671/1220/671 771/1313/771 217/1071/217
f 573/1305/573 671/1314/671 165/1315/165
f 305/1316/305 564/1317/564 32/1318/32
f 33/610/33 997/1319/997 305/1316/305
f 565/1320/565 725/1321/725 997/1319/997
f 997/1319/997 215/1322/215 564/1317/564
f 6/611/6 998/1323/998 532/1324/532
f 304/1325/304 563/1326/563 998/1323/998
f 998/1323/998 214/1327/214 726/833/726
f 532/1324/532 726/833/726 205/830/205
f 303/1328/303 565/1320/565 33/610/33
f 21/1329/21 999/1330/999 303/1328/303
f 999/1330/999 209/1331/209 727/822/727
f 999/1330/999 216/824/216 565/1320/565
f 552/800/552 557/1332/557 160/801/160
f 161/1333/161 1000/1334/1000 552/800/552
f 558/1335/558 728/1336/728 1000/1334/1000
f 1000/1334/1000 212/1337/212 557/1332/557
f 159/787/159 1001/1338/1001 556/1339/556
f 551/795/551 557/1340/557 1001/1338/1001
f 1001/1338/1001 212/819/212 729/813/729
f 556/1339/556 729/813/729 211/810/211
f 144/1030/144 1002/1341/1002 533/1342/533
f 550/1343/550 556/1344/556 1002/1341/1002
f 1002/1341/1002 211/1345/211 730/805/730
f 533/1342/533 730/805/730 206/802/206
f 549/772/549 558/1346/558 161/773/161
f 549/772/549 664/1347/664 1003/1348/1003
f 1003/1348/1003 210/1349/210 731/774/731
f 1003/1348/1003 213/776/213 558/1346/558
f 237/1350/237 1004/1351/1004 693/1352/693
f 732/1353/732 696/1126/696 1004/1351/1004
f 1004/1351/1004 83/1354/83 491/1355/491
f 693/1352/693 491/1355/491 79/450/79
f 187/1356/187 1005/1357/1005 673/1358/673
f 742/1359/742 736/1360/736 1005/1357/1005
f 1005/1357/1005 241/1361/241 741/1362/741
f 673/1358/673 741/1362/741 166/1296/166
f 744/1363/744 732/1364/732 237/1365/237
f 247/1366/247 1006/1367/1006 744/1363/744
f 740/1368/740 743/1369/743 1006/1367/1006
f 1006/1367/1006 233/1370/233 732/1364/732
f 743/1369/743 689/1371/689 233/1370/233
f 246/1372/246 1007/1373/1007 743/1369/743
f 738/1374/738 745/1375/745 1007/1373/1007
f 1007/1373/1007 181/1376/181 689/1371/689
f 166/1296/166 1008/1377/1008 674/1294/674
f 741/1362/741 737/1378/737 1008/1377/1008
f 1008/1377/1008 245/1379/245 746/1380/746
f 674/1294/674 746/1380/746 218/884/218
f 748/1381/748 641/1382/641 186/1180/186
f 748/1381/748 733/1383/733 1009/1384/1009
f 1009/1384/1009 240/1385/240 747/1386/747
f 641/1382/641 747/1386/747 155/1183/155
f 181/1387/181 1010/1388/1010 672/1389/672
f 745/1390/745 735/1391/735 1010/1388/1010
f 1010/1388/1010 243/1392/243 748/1393/748
f 672/1389/672 748/1393/748 186/1394/186
f 746/1380/746 695/1190/695 218/884/218
f 746/1380/746 739/1395/739 1011/1396/1011
f 1011/1396/1011 247/1397/247 744/1398/744
f 1011/1396/1011 237/1350/237 695/1190/695
f 155/1183/155 1012/1399/1012 642/1400/642
f 747/1386/747 734/1401/734 1012/1399/1012
f 1012/1399/1012 244/1402/244 742/1359/742
f 642/1400/642 742/1359/742 187/1356/187
f 244/1402/244 1013/1403/1013 736/1360/736
f 758/1404/758 752/1405/752 1013/1403/1013
f 1013/1403/1013 249/1406/249 757/1407/757
f 736/1360/736 757/1407/757 241/1361/241
f 240/1385/240 1014/1408/1014 734/1401/734
f 248/1409/248 1014/1408/1014 759/1410/759
f 1014/1408/1014 252/1411/252 758/1404/758
f 734/1401/734 758/1404/758 244/1402/244
f 245/1379/245 1015/1412/1015 739/1395/739
f 253/1413/253 1015/1412/1015 761/1414/761
f 1015/1412/1015 255/1415/255 760/1416/760
f 739/1395/739 760/1416/760 247/1397/247
f 241/1361/241 1016/1417/1016 737/1378/737
f 757/1407/757 753/1418/753 1016/1417/1016
f 1016/1417/1016 253/1413/253 761/1414/761
f 737/1378/737 761/1414/761 245/1379/245
f 763/1419/763 735/1391/735 242/1420/242
f 250/1421/250 1017/1422/1017 763/1419/763
f 1017/1422/1017 251/1423/251 762/1424/762
f 735/1391/735 762/1424/762 243/1392/243
f 243/1425/243 1018/1426/1018 733/1383/733
f 762/1427/762 749/1428/749 1018/1426/1018
f 1018/1426/1018 248/1409/248 759/1410/759
f 733/1383/733 759/1410/759 240/1385/240
f 760/1429/760 740/1368/740 247/1366/247
f 255/1430/255 1019/1431/1019 760/1429/760
f 1019/1431/1019 254/1432/254 764/1433/764
f 1019/1431/1019 246/1372/246 740/1368/740
f 764/1433/764 738/1374/738 246/1372/246
f 254/1432/254 1020/1434/1020 764/1433/764
f 754/1435/754 763/1436/763 1020/1434/1020
f 1020/1434/1020 242/1437/242 738/1374/738
f 749/1428/749 750/1438/750 248/1409/248
f 751/1439/751 749/1428/749 251/1440/251
f 754/1441/754 751/1442/751 250/1443/250
f 756/1444/756 754/1445/754 254/1446/254
f 755/1447/755 756/1444/756 255/1415/255
f 753/1418/753 755/1448/755 253/1413/253
f 752/1449/752 753/1418/753 249/1406/249
f 750/1450/750 752/1405/752 252/1411/252
f 663/1451/663 724/1307/724 209/1308/209
f 320/1452/320 663/1451/663 21/622/21
f 257/1453/257 1022/1454/1022 320/1455/320
f 767/1456/767 773/1457/773 263/1458/263
f 256/1309/256 1022/1454/1022 767/1459/767
f 483/603/483 420/1460/420 90/1461/90
f 258/600/258 1023/1462/1023 483/1463/483
f 768/1464/768 774/1465/774 264/1466/264
f 257/1453/257 1023/1462/1023 768/1467/768
f 420/1468/420 320/1469/320 21/622/21
f 38/336/38 1024/1470/1024 317/1471/317
f 260/1074/260 1024/1470/1024 570/1472/570
f 771/1473/771 770/1075/770 217/1071/217
f 261/1311/261 1024/1470/1024 771/1474/771
f 767/1456/767 765/1312/765 256/1309/256
f 263/1458/263 1024/1470/1024 767/1475/767
f 257/1453/257 1024/1470/1024 773/1476/773
f 264/1466/264 1024/1470/1024 768/1467/768
f 766/1477/766 774/1478/774 258/600/258
f 262/598/262 1024/1470/1024 766/1479/766
f 769/1480/769 772/1481/772 98/1482/98
f 259/337/259 1024/1470/1024 769/1483/769
f 82/1/82 415/4/415 776/2/776
f 415/4/415 67/433/67 265/5/265
f 776/2/776 265/5/265 4/6/4
f 353/3/353 776/2/776 274/7/274
f 49/9/49 348/12/348 777/10/777
f 348/12/348 17/242/17 268/13/268
f 777/10/777 268/13/268 2/14/2
f 333/11/333 777/10/777 283/15/283
f 76/17/76 389/20/389 778/18/778
f 389/20/389 12/124/12 277/21/277
f 778/18/778 277/21/277 1/22/1
f 414/19/414 778/18/778 270/23/270
f 386/25/386 779/29/779 413/26/413
f 27/28/27 289/30/289 779/29/779
f 289/30/289 23/640/23 287/31/287
f 779/29/779 287/31/287 70/32/70
f 424/33/424 780/37/780 490/34/490
f 30/36/30 293/1484/293 780/37/780
f 780/37/780 293/1484/293 24/38/24
f 490/34/490 780/37/780 288/39/288
f 67/41/67 380/44/380 781/42/781
f 380/44/380 8/633/8 290/45/290
f 781/42/781 290/45/290 25/46/25
f 412/43/412 781/42/781 384/47/384
f 71/49/71 384/52/384 782/50/782
f 384/52/384 25/629/25 291/53/291
f 782/50/782 291/53/291 26/54/26
f 411/51/411 782/50/782 385/55/385
f 385/55/385 783/58/783 410/57/410
f 26/54/26 292/59/292 783/58/783
f 292/59/292 27/628/27 386/60/386
f 783/58/783 386/60/386 73/61/73
f 87/62/87 417/65/417 784/63/784
f 417/65/417 7/1485/7 294/66/294
f 784/63/784 294/66/294 28/67/28
f 489/64/489 784/63/784 422/68/422
f 92/69/92 422/68/422 785/70/785
f 422/68/422 28/67/28 295/72/295
f 785/70/785 295/72/295 29/73/29
f 488/71/488 785/70/785 423/74/423
f 423/74/423 786/77/786 487/76/487
f 29/73/29 296/78/296 786/77/786
f 296/78/296 30/36/30 424/33/424
f 786/77/786 424/33/424 94/35/94
f 427/79/427 787/83/787 486/80/486
f 427/79/427 36/425/36 306/82/306
f 787/83/787 306/82/306 22/84/22
f 486/80/486 787/83/787 286/85/286
f 86/87/86 416/90/416 788/88/788
f 416/90/416 5/1486/5 307/91/307
f 788/88/788 307/91/307 34/92/34
f 485/89/485 788/88/788 425/93/425
f 426/95/426 789/99/789 484/96/484
f 35/98/35 309/100/309 789/99/789
f 309/100/309 36/402/36 427/101/427
f 789/99/789 427/101/427 97/102/97
f 69/103/69 382/106/382 790/104/790
f 382/106/382 3/165/3 267/107/267
f 790/104/790 267/107/267 14/108/14
f 409/105/409 790/104/790 387/109/387
f 74/111/74 387/114/387 791/112/791
f 387/114/387 14/171/14 279/115/279
f 791/112/791 279/115/279 13/116/13
f 408/113/408 791/112/791 388/117/388
f 75/119/75 388/122/388 792/120/792
f 388/122/388 13/1487/13 278/123/278
f 792/120/792 278/123/278 12/124/12
f 407/121/407 792/120/792 389/20/389
f 68/125/68 406/128/406 793/126/793
f 406/128/406 77/339/77 316/129/316
f 793/126/793 316/129/316 37/130/37
f 381/127/381 793/126/793 775/131/775
f 405/132/405 794/135/794 318/133/318
f 70/32/70 287/31/287 794/135/794
f 287/31/287 23/640/23 323/136/323
f 794/135/794 323/136/323 39/137/39
f 481/138/481 795/142/795 319/139/319
f 91/141/91 288/143/288 795/142/795
f 288/143/288 24/1488/24 324/144/324
f 795/142/795 324/144/324 40/145/40
f 12/124/12 339/147/339 796/146/796
f 339/147/339 43/312/43 325/148/325
f 796/146/796 325/148/325 20/149/20
f 277/21/277 796/146/796 269/150/269
f 112/151/112 444/154/444 797/152/797
f 444/154/444 46/204/46 329/155/329
f 797/152/797 329/155/329 19/156/19
f 480/153/480 797/152/797 441/157/441
f 102/159/102 434/162/434 798/160/798
f 434/162/434 49/9/49 333/11/333
f 798/160/798 333/11/333 18/16/18
f 479/161/479 798/160/798 419/163/419
f 3/165/3 266/167/266 799/166/799
f 266/167/266 11/247/11 326/168/326
f 799/166/799 326/168/326 41/169/41
f 267/107/267 799/166/799 337/170/337
f 14/171/14 337/173/337 800/172/800
f 337/173/337 41/313/41 327/174/327
f 800/172/800 327/174/327 42/175/42
f 279/115/279 800/172/800 338/176/338
f 13/116/13 338/176/338 801/177/801
f 338/176/338 42/175/42 328/179/328
f 801/177/801 328/179/328 43/180/43
f 278/178/278 801/177/801 339/181/339
f 440/183/440 802/187/802 478/184/478
f 10/186/10 330/188/330 802/187/802
f 330/188/330 44/554/44 442/189/442
f 802/187/802 442/189/442 110/190/110
f 442/191/442 803/195/803 477/192/477
f 44/194/44 331/546/331 803/195/803
f 803/195/803 331/546/331 45/196/45
f 477/192/477 803/195/803 443/197/443
f 111/199/111 443/202/443 804/200/804
f 443/202/443 45/196/45 332/203/332
f 804/200/804 332/203/332 46/204/46
f 476/201/476 804/200/804 444/154/444
f 418/205/418 805/209/805 475/206/475
f 9/208/9 334/210/334 805/209/805
f 334/210/334 47/214/47 432/211/432
f 805/209/805 432/211/432 100/212/100
f 432/211/432 806/215/806 474/213/474
f 47/214/47 335/216/335 806/215/806
f 335/216/335 48/1489/48 433/217/433
f 474/213/474 806/215/806 433/217/433
f 101/218/101 433/217/433 807/219/807
f 433/217/433 48/1489/48 336/221/336
f 807/219/807 336/221/336 49/222/49
f 473/220/473 807/219/807 434/223/434
f 274/225/274 808/229/808 334/226/334
f 4/228/4 280/230/280 808/229/808
f 280/230/280 15/234/15 346/231/346
f 808/229/808 346/231/346 47/232/47
f 346/231/346 809/235/809 335/233/335
f 15/234/15 281/236/281 809/235/809
f 281/236/281 16/412/16 347/237/347
f 809/235/809 347/237/347 48/238/48
f 48/238/48 347/237/347 810/239/810
f 347/237/347 16/412/16 282/241/282
f 810/239/810 282/241/282 17/242/17
f 336/240/336 810/239/810 348/12/348
f 404/243/404 811/246/811 382/244/382
f 80/245/80 349/299/349 811/246/811
f 811/246/811 349/299/349 11/247/11
f 811/246/811 266/167/266 3/165/3
f 450/248/450 812/252/812 472/249/472
f 81/251/81 351/253/351 812/252/812
f 351/253/351 10/186/10 440/183/440
f 812/252/812 440/183/440 108/185/108
f 117/254/117 449/257/449 813/255/813
f 449/257/449 82/1/82 353/3/353
f 813/255/813 353/3/353 9/8/9
f 813/255/813 418/258/418 88/259/88
f 470/260/470 814/264/814 416/261/416
f 103/263/103 350/265/350 814/264/814
f 350/265/350 51/297/51 356/266/356
f 814/264/814 356/266/356 5/267/5
f 469/268/469 815/272/815 466/269/466
f 104/271/104 352/273/352 815/272/815
f 352/273/352 53/470/53 446/274/446
f 815/272/815 446/274/446 114/275/114
f 121/276/121 465/279/465 816/277/816
f 465/279/465 105/513/105 354/280/354
f 816/277/816 354/280/354 55/281/55
f 462/278/462 816/277/816 439/282/439
f 105/284/105 461/287/461 817/285/817
f 461/287/461 87/498/87 273/288/273
f 817/285/817 273/288/273 8/289/8
f 354/286/354 817/285/817 362/290/362
f 460/292/460 818/294/818 350/265/350
f 115/293/115 371/295/371 818/294/818
f 371/295/371 64/517/64 358/296/358
f 818/294/818 358/296/358 51/297/51
f 401/298/401 819/302/819 349/299/349
f 84/301/84 372/303/372 819/302/819
f 372/303/372 56/541/56 276/304/276
f 349/299/349 819/302/819 276/304/276
f 42/305/42 341/308/341 820/306/820
f 341/308/341 61/555/61 373/309/373
f 820/306/820 373/309/373 62/310/62
f 328/307/328 820/306/820 342/311/342
f 41/313/41 340/315/340 821/314/821
f 340/315/340 60/560/60 374/316/374
f 821/314/821 374/316/374 61/317/61
f 327/174/327 821/314/821 341/318/341
f 11/247/11 276/304/276 822/319/822
f 276/304/276 56/541/56 375/321/375
f 375/321/375 60/560/60 340/315/340
f 326/320/326 822/319/822 340/315/340
f 43/312/43 342/311/342 823/322/823
f 342/311/342 62/310/62 376/323/376
f 823/322/823 376/323/376 57/324/57
f 325/148/325 823/322/823 285/325/285
f 98/326/98 459/484/459 824/327/824
f 377/329/377 824/327/824 459/330/459
f 59/332/59 322/335/322 824/327/824
f 317/334/317 824/327/824 322/335/322
f 259/337/259 769/1480/769 824/327/824
f 77/339/77 400/341/400 825/340/825
f 400/341/400 85/357/85 378/342/378
f 825/340/825 378/342/378 58/343/58
f 316/129/316 825/340/825 321/344/321
f 96/345/96 311/348/311 826/346/826
f 311/348/311 32/606/32 379/349/379
f 826/346/826 379/349/379 31/350/31
f 458/347/458 826/346/826 310/351/310
f 20/352/20 285/355/285 827/353/827
f 285/355/285 57/578/57 397/356/397
f 827/353/827 397/356/397 85/357/85
f 390/354/390 827/353/827 400/341/400
f 358/358/358 828/362/828 393/359/393
f 64/361/64 396/363/396 828/362/828
f 396/363/396 84/301/84 401/364/401
f 828/362/828 401/364/401 80/245/80
f 107/283/107 439/282/439 829/365/829
f 439/282/439 55/281/55 395/367/395
f 829/365/829 395/367/395 82/368/82
f 457/366/457 829/365/829 449/369/449
f 446/371/446 830/375/830 456/372/456
f 53/374/53 394/1490/394 830/375/830
f 830/375/830 394/1490/394 81/251/81
f 456/372/456 830/375/830 450/248/450
f 356/376/356 831/379/831 271/377/271
f 51/360/51 393/359/393 831/379/831
f 393/359/393 80/245/80 404/243/404
f 831/379/831 404/243/404 69/103/69
f 283/15/283 832/381/832 391/380/391
f 2/14/2 383/382/383 832/381/832
f 383/382/383 70/32/70 405/132/405
f 832/381/832 405/132/405 78/134/78
f 116/331/116 455/1491/455 833/383/833
f 365/385/365 833/383/833 455/386/455
f 59/332/59 377/384/377 833/383/833
f 419/388/419 834/392/834 453/389/453
f 18/391/18 391/394/391 834/392/834
f 78/393/78 453/464/453 834/392/834
f 1/395/1 269/398/269 835/396/835
f 269/398/269 20/352/20 390/354/390
f 835/396/835 390/354/390 77/339/77
f 270/397/270 835/396/835 406/128/406
f 314/399/314 836/400/836 309/100/309
f 75/119/75 407/121/407 836/400/836
f 407/121/407 76/17/76 315/401/315
f 836/400/836 315/401/315 36/402/36
f 34/403/34 313/406/313 837/404/837
f 313/406/313 74/110/74 408/407/408
f 837/404/837 408/407/408 75/119/75
f 308/405/308 837/404/837 314/399/314
f 5/378/5 271/410/271 838/408/838
f 271/410/271 69/103/69 409/105/409
f 838/408/838 409/105/409 74/110/74
f 307/409/307 838/408/838 313/406/313
f 298/411/298 839/413/839 282/241/282
f 72/56/72 410/57/410 839/413/839
f 410/57/410 73/61/73 299/414/299
f 839/413/839 299/414/299 17/415/17
f 15/416/15 297/418/297 840/417/840
f 297/418/297 71/49/71 411/51/411
f 840/417/840 411/51/411 72/56/72
f 281/236/281 840/417/840 298/411/298
f 4/228/4 265/420/265 841/419/841
f 265/420/265 67/41/67 412/43/412
f 841/419/841 412/43/412 71/48/71
f 280/230/280 841/419/841 297/421/297
f 299/422/299 842/423/842 268/13/268
f 73/27/73 413/26/413 842/423/842
f 413/26/413 70/32/70 383/424/383
f 842/423/842 383/424/383 2/14/2
f 36/425/36 315/427/315 843/426/843
f 315/427/315 76/1492/76 414/428/414
f 843/426/843 414/428/414 68/125/68
f 306/82/306 843/426/843 381/429/381
f 55/291/55 362/290/362 844/430/844
f 362/290/362 8/289/8 380/432/380
f 844/430/844 380/432/380 67/433/67
f 395/431/395 844/430/844 415/4/415
f 119/434/119 482/588/482 845/435/845
f 441/437/441 845/435/845 482/438/482
f 398/440/398 845/435/845 441/437/441
f 65/442/65 429/444/429 845/435/845
f 378/443/378 845/435/845 429/444/429
f 451/445/451 845/435/845 378/342/378
f 392/447/392 846/451/846 319/448/319
f 79/450/79 452/452/452 846/451/846
f 452/452/452 120/641/120 454/453/454
f 846/451/846 454/453/454 99/140/99
f 430/454/430 847/458/847 318/455/318
f 66/457/66 399/1493/399 847/458/847
f 284/460/284 847/458/847 399/461/399
f 89/390/89 453/1494/453 847/458/847
f 318/455/318 847/458/847 453/464/453
f 370/465/370 848/466/848 396/363/396
f 114/373/114 456/372/456 848/466/848
f 456/372/456 118/250/118 403/467/403
f 848/466/848 403/467/403 84/301/84
f 360/468/360 849/472/849 394/469/394
f 360/468/360 107/501/107 457/471/457
f 849/472/849 457/471/457 117/254/117
f 394/469/394 849/472/849 402/473/402
f 35/475/35 426/95/426 850/476/850
f 426/95/426 96/97/96 458/478/458
f 850/476/850 458/478/458 95/479/95
f 308/477/308 850/476/850 425/480/425
f 37/130/37 321/344/321 851/481/851
f 321/344/321 58/343/58 448/483/448
f 448/483/448 116/331/116 459/484/459
f 428/482/428 851/481/851 459/484/459
f 50/486/50 357/489/357 852/487/852
f 357/489/357 63/518/63 447/490/447
f 852/487/852 447/490/447 115/293/115
f 435/488/435 852/487/852 460/491/460
f 54/493/54 361/496/361 853/494/853
f 361/496/361 7/809/7 417/497/417
f 853/494/853 417/497/417 87/498/87
f 437/495/437 853/494/853 461/287/461
f 464/499/464 854/500/854 352/273/352
f 121/276/121 462/1495/462 854/500/854
f 854/500/854 462/1495/462 107/501/107
f 854/500/854 360/468/360 53/470/53
f 359/502/359 855/506/855 436/503/436
f 106/505/106 463/507/463 855/506/855
f 463/507/463 121/276/121 464/508/464
f 855/506/855 464/508/464 104/509/104
f 106/505/106 438/511/438 856/510/856
f 438/511/438 54/1496/54 437/512/437
f 856/510/856 437/512/437 105/513/105
f 463/507/463 856/510/856 465/279/465
f 468/514/468 857/515/857 371/295/371
f 122/270/122 466/269/466 857/515/857
f 466/269/466 114/275/114 370/516/370
f 857/515/857 370/516/370 64/517/64
f 63/518/63 369/521/369 858/519/858
f 113/520/113 467/522/467 858/519/858
f 467/522/467 122/527/122 468/523/468
f 858/519/858 468/523/468 115/293/115
f 445/524/445 859/525/859 467/522/467
f 52/504/52 436/503/436 859/525/859
f 436/503/436 104/509/104 469/526/469
f 859/525/859 469/526/469 122/527/122
f 355/528/355 860/531/860 272/529/272
f 355/528/355 50/1254/50 435/488/435
f 860/531/860 435/488/435 103/263/103
f 860/531/860 470/260/470 86/262/86
f 81/474/81 402/473/402 861/532/861
f 402/473/402 117/254/117 471/256/471
f 471/256/471 88/259/88 275/534/275
f 861/532/861 275/534/275 10/535/10
f 403/536/403 862/538/862 372/303/372
f 118/537/118 472/539/472 862/538/862
f 472/539/472 108/563/108 363/540/363
f 862/538/862 363/540/363 56/541/56
f 45/196/45 344/543/344 863/542/863
f 344/543/344 101/218/101 473/220/473
f 863/542/863 473/220/473 102/224/102
f 332/203/332 863/542/863 345/544/345
f 343/545/343 864/548/864 331/546/331
f 100/547/100 474/1497/474 864/548/864
f 864/548/864 474/1497/474 101/549/101
f 331/546/331 864/548/864 344/550/344
f 275/551/275 865/552/865 330/188/330
f 88/207/88 475/206/475 865/552/865
f 475/206/475 100/212/100 343/553/343
f 865/552/865 343/553/343 44/554/44
f 61/555/61 367/557/367 866/556/866
f 367/557/367 111/199/111 476/201/476
f 866/556/866 476/201/476 112/151/112
f 373/309/373 866/556/866 368/558/368
f 366/559/366 867/561/867 374/316/374
f 110/193/110 477/192/477 867/561/867
f 867/561/867 477/192/477 111/198/111
f 374/316/374 867/561/867 367/562/367
f 363/540/363 868/564/868 375/321/375
f 108/563/108 478/565/478 868/564/868
f 478/565/478 110/193/110 366/559/366
f 868/564/868 366/559/366 60/560/60
f 46/566/46 345/569/345 869/567/869
f 345/569/345 102/159/102 479/161/479
f 869/567/869 479/161/479 89/164/89
f 329/568/329 869/567/869 284/570/284
f 62/572/62 368/575/368 870/573/870
f 368/575/368 112/1498/112 480/576/480
f 870/573/870 480/576/480 109/439/109
f 376/574/376 870/573/870 364/577/364
f 323/579/323 871/582/871 431/580/431
f 23/581/23 421/583/421 871/582/871
f 421/583/421 91/141/91 481/138/481
f 871/582/871 481/138/481 99/140/99
f 397/584/397 872/586/872 451/445/451
f 57/578/57 364/587/364 872/586/872
f 364/587/364 109/439/109 482/588/482
f 872/586/872 482/588/482 119/434/119
f 775/589/775 873/596/873 286/590/286
f 428/592/428 873/596/873 775/593/775
f 98/595/98 772/599/772 873/596/873
f 262/598/262 766/601/766 873/596/873
f 258/600/258 483/603/483 873/596/873
f 286/602/286 873/596/873 483/603/483
f 311/348/311 874/607/874 305/605/305
f 96/345/96 484/608/484 874/607/874
f 484/608/484 97/1499/97 312/609/312
f 874/607/874 312/609/312 33/610/33
f 6/611/6 272/614/272 875/612/875
f 272/614/272 86/87/86 485/89/485
f 875/612/875 485/89/485 95/94/95
f 304/613/304 875/612/875 310/615/310
f 312/617/312 876/620/876 303/618/303
f 97/81/97 486/80/486 876/620/876
f 876/620/876 486/80/486 90/86/90
f 303/618/303 876/620/876 420/621/420
f 301/623/301 877/625/877 292/59/292
f 93/624/93 487/626/487 877/625/877
f 487/626/487 94/1500/94 302/627/302
f 877/625/877 302/627/302 27/628/27
f 25/629/25 300/631/300 878/630/878
f 300/631/300 92/1501/92 488/632/488
f 878/630/878 488/632/488 93/624/93
f 291/53/291 878/630/878 301/623/301
f 8/633/8 273/635/273 879/634/879
f 273/635/273 87/62/87 489/64/489
f 879/634/879 489/64/489 92/69/92
f 290/45/290 879/634/879 300/636/300
f 302/637/302 880/638/880 289/30/289
f 94/35/94 490/34/490 880/638/880
f 880/638/880 490/34/490 91/40/91
f 289/30/289 880/638/880 421/639/421
f 120/641/120 452/644/452 881/642/881
f 452/644/452 79/1192/79 491/645/491
f 881/642/881 491/645/491 83/646/83
f 492/643/492 881/642/881 455/647/455
f 66/457/66 430/650/430 882/648/882
f 430/650/430 39/456/39 501/651/501
f 882/648/882 501/651/501 124/652/124
f 502/649/502 882/648/882 496/653/496
f 492/643/492 883/656/883 504/655/504
f 116/331/116 503/657/503 883/656/883
f 503/657/503 129/724/129 500/658/500
f 883/656/883 500/658/500 130/659/130
f 448/660/448 884/664/884 503/661/503
f 58/663/58 505/665/505 884/664/884
f 505/665/505 125/686/125 498/666/498
f 884/664/884 498/666/498 129/667/129
f 39/456/39 431/669/431 885/668/885
f 431/669/431 99/140/99 506/670/506
f 885/668/885 506/670/506 128/671/128
f 501/651/501 885/668/885 497/672/497
f 398/673/398 886/677/886 508/674/508
f 398/673/398 19/1502/19 507/676/507
f 886/677/886 507/676/507 123/678/123
f 508/674/508 886/677/886 493/679/493
f 58/663/58 429/682/429 887/681/887
f 429/682/429 65/1503/65 508/683/508
f 887/681/887 508/683/508 126/684/126
f 505/665/505 887/681/887 495/685/495
f 454/453/454 888/687/888 506/670/506
f 120/641/120 504/655/504 888/687/888
f 888/687/888 504/655/504 130/659/130
f 506/670/506 888/687/888 499/688/499
f 19/462/19 399/691/399 889/689/889
f 399/691/399 66/457/66 502/649/502
f 889/689/889 502/649/502 127/654/127
f 507/690/507 889/689/889 494/692/494
f 127/654/127 496/653/496 890/694/890
f 496/653/496 124/652/124 517/696/517
f 890/694/890 517/696/517 132/697/132
f 518/695/518 890/694/890 512/698/512
f 123/693/123 494/692/494 891/700/891
f 494/692/494 127/654/127 518/695/518
f 891/700/891 518/695/518 135/699/135
f 891/700/891 510/702/510 131/703/131
f 128/671/128 499/688/499 892/704/892
f 499/688/499 130/659/130 520/706/520
f 892/704/892 520/706/520 138/707/138
f 892/704/892 515/708/515 136/709/136
f 124/652/124 497/672/497 893/710/893
f 497/672/497 128/671/128 521/705/521
f 893/710/893 521/705/521 136/709/136
f 517/696/517 893/710/893 513/711/513
f 495/685/495 894/714/894 523/712/523
f 495/685/495 126/684/126 522/713/522
f 894/714/894 522/713/522 134/715/134
f 894/714/894 511/716/511 133/717/133
f 126/680/126 493/679/493 895/718/895
f 493/679/493 123/678/123 519/720/519
f 895/718/895 519/720/519 131/721/131
f 522/719/522 895/718/895 509/722/509
f 500/658/500 896/725/896 520/706/520
f 129/724/129 524/1504/524 896/725/896
f 896/725/896 524/1504/524 137/726/137
f 896/725/896 516/727/516 138/707/138
f 498/666/498 897/729/897 524/728/524
f 125/686/125 523/712/523 897/729/897
f 523/712/523 133/717/133 514/730/514
f 897/729/897 514/730/514 137/731/137
f 510/702/510 898/1505/898 509/732/509
f 512/698/512 898/1505/898 510/733/510
f 513/711/513 898/1505/898 512/698/512
f 515/708/515 898/1505/898 513/734/513
f 516/727/516 898/1505/898 515/708/515
f 514/735/514 898/1505/898 516/736/516
f 511/737/511 898/1505/898 514/735/514
f 509/739/509 898/1505/898 511/740/511
f 202/742/202 604/745/604 899/743/899
f 604/745/604 145/952/145 534/746/534
f 899/743/899 534/746/534 142/747/142
f 658/744/658 899/743/899 525/748/525
f 175/750/175 584/753/584 900/751/900
f 584/753/584 154/908/154 543/754/543
f 900/751/900 543/754/543 140/755/140
f 599/752/599 900/751/900 528/756/528
f 197/758/197 657/761/657 901/759/901
f 657/761/657 189/1168/189 530/762/530
f 901/759/901 530/762/530 139/763/139
f 633/760/633 901/759/901 537/764/537
f 656/766/656 902/770/902 630/767/630
f 191/769/191 547/771/547 902/770/902
f 547/771/547 158/1506/158 549/772/549
f 902/770/902 549/772/549 161/773/161
f 731/774/731 903/778/903 667/775/667
f 731/774/731 210/1349/210 548/777/548
f 903/778/903 548/777/548 24/779/24
f 903/778/903 293/780/293 30/781/30
f 188/782/188 655/785/655 904/783/904
f 655/785/655 192/790/192 628/786/628
f 904/783/904 628/786/628 159/787/159
f 624/784/624 904/783/904 550/788/550
f 192/790/192 654/792/654 905/791/905
f 654/792/654 193/797/193 629/793/629
f 905/791/905 629/793/629 160/794/160
f 628/786/628 905/791/905 551/795/551
f 653/796/653 906/798/906 629/793/629
f 194/768/194 630/799/630 906/798/906
f 630/799/630 161/1333/161 552/800/552
f 906/798/906 552/800/552 160/801/160
f 206/802/206 730/805/730 907/803/907
f 730/805/730 211/1345/211 665/806/665
f 907/803/907 665/806/665 28/807/28
f 660/804/660 907/803/907 294/808/294
f 211/810/211 729/813/729 908/811/908
f 729/813/729 212/819/212 666/814/666
f 908/811/908 666/814/666 29/815/29
f 665/812/665 908/811/908 295/816/295
f 728/818/728 909/820/909 666/814/666
f 213/776/213 667/775/667 909/820/909
f 667/775/667 30/781/30 296/821/296
f 909/820/909 296/821/296 29/815/29
f 727/822/727 910/826/910 670/823/670
f 727/822/727 209/1331/209 546/825/546
f 910/826/910 546/825/546 157/827/157
f 670/823/670 910/826/910 559/828/559
f 205/830/205 726/833/726 911/831/911
f 726/833/726 214/1327/214 668/834/668
f 911/831/911 668/834/668 162/835/162
f 659/832/659 911/831/911 560/836/560
f 725/838/725 912/842/912 669/839/669
f 216/841/216 670/843/670 912/842/912
f 670/843/670 164/1142/164 562/844/562
f 912/842/912 562/844/562 163/845/163
f 190/846/190 652/849/652 913/847/913
f 652/849/652 195/1151/195 631/850/631
f 913/847/913 631/850/631 150/851/150
f 626/848/626 913/847/913 527/852/527
f 195/854/195 651/857/651 914/855/914
f 651/857/651 196/861/196 632/858/632
f 914/855/914 632/858/632 149/859/149
f 631/856/631 914/855/914 539/860/539
f 196/861/196 650/863/650 915/862/915
f 650/863/650 197/1507/197 633/864/633
f 915/862/915 633/864/633 148/765/148
f 632/858/632 915/862/915 538/865/538
f 189/866/189 625/869/625 916/867/916
f 625/869/625 157/1306/157 573/870/573
f 916/867/916 573/870/573 165/871/165
f 649/868/649 916/867/916 569/872/569
f 571/874/571 917/878/917 648/875/648
f 166/877/166 575/879/575 917/878/917
f 575/879/575 158/1506/158 547/880/547
f 917/878/917 547/880/547 191/881/191
f 572/882/572 918/885/918 722/883/722
f 40/145/40 324/886/324 918/885/918
f 324/886/324 24/1488/24 548/887/548
f 918/885/918 548/887/548 210/888/210
f 148/765/148 537/764/537 919/889/919
f 537/764/537 139/763/139 529/891/529
f 919/889/919 529/891/529 156/892/156
f 590/890/590 919/889/919 576/893/576
f 230/895/230 721/898/721 920/896/920
f 721/898/721 227/1293/227 683/899/683
f 920/896/920 683/899/683 155/900/155
f 686/897/686 920/896/920 580/901/580
f 221/903/221 720/906/720 921/904/921
f 720/906/720 208/1289/208 662/907/662
f 921/904/921 662/907/662 154/908/154
f 677/905/677 921/904/921 584/753/584
f 141/853/141 527/852/527 922/909/922
f 527/852/527 150/851/150 588/911/588
f 922/909/922 588/911/588 167/912/167
f 526/910/526 922/909/922 577/913/577
f 150/851/150 539/860/539 923/915/923
f 539/860/539 149/859/149 589/917/589
f 923/915/923 589/917/589 168/918/168
f 588/916/588 923/915/923 578/919/578
f 149/921/149 538/923/538 924/922/924
f 538/923/538 148/765/148 590/890/590
f 924/922/924 590/890/590 169/894/169
f 589/917/589 924/922/924 579/924/579
f 719/925/719 925/929/925 682/926/682
f 228/928/228 684/930/684 925/929/925
f 684/930/684 170/938/170 581/931/581
f 925/929/925 581/931/581 146/932/146
f 718/933/718 926/935/926 684/930/684
f 718/933/718 229/1281/229 685/934/685
f 926/935/926 685/934/685 171/936/171
f 926/935/926 582/937/582 170/938/170
f 229/939/229 717/942/717 927/940/927
f 717/942/717 230/895/230 686/897/686
f 927/940/927 686/897/686 172/902/172
f 685/941/685 927/940/927 583/943/583
f 716/945/716 928/949/928 661/946/661
f 219/948/219 675/950/675 928/949/928
f 675/950/675 173/1508/173 585/951/585
f 928/949/928 585/951/585 145/952/145
f 715/953/715 929/957/929 675/954/675
f 715/953/715 220/1267/220 676/956/676
f 676/956/676 174/966/174 586/958/586
f 929/957/929 586/958/586 173/959/173
f 220/960/220 714/963/714 930/961/930
f 714/963/714 221/1509/221 677/964/677
f 930/961/930 677/964/677 175/750/175
f 676/962/676 930/961/930 587/965/587
f 585/967/585 931/970/931 534/968/534
f 173/959/173 597/971/597 931/970/931
f 597/971/597 151/977/151 540/972/540
f 931/970/931 540/972/540 142/973/142
f 586/958/586 932/974/932 597/971/597
f 174/966/174 598/975/598 932/974/932
f 598/975/598 152/1510/152 541/976/541
f 932/974/932 541/976/541 151/977/151
f 174/966/174 587/965/587 933/978/933
f 587/965/587 175/750/175 599/979/599
f 933/978/933 599/979/599 153/980/153
f 598/975/598 933/978/933 542/981/542
f 626/983/626 934/986/934 647/984/647
f 141/853/141 526/910/526 934/986/934
f 934/986/934 526/910/526 147/914/147
f 934/986/934 600/987/600 200/988/200
f 713/989/713 935/993/935 691/990/691
f 226/992/226 682/994/682 935/993/935
f 682/994/682 146/1257/146 602/995/602
f 935/993/935 602/995/602 201/996/201
f 234/997/234 712/1000/712 936/998/936
f 207/947/207 661/946/661 936/998/936
f 936/998/936 661/946/661 145/952/145
f 690/999/690 936/998/936 604/745/604
f 659/1001/659 937/1005/937 711/1002/711
f 143/1004/143 606/1006/606 937/1005/937
f 606/1006/606 176/1034/176 601/1007/601
f 937/1005/937 601/1007/601 222/1008/222
f 707/1009/707 938/1013/938 710/1010/710
f 231/1012/231 687/1014/687 938/1013/938
f 687/1014/687 177/1116/177 603/1015/603
f 938/1013/938 603/1015/603 223/1016/223
f 238/1017/238 703/1020/703 939/1018/939
f 703/1020/703 225/1105/225 681/1021/681
f 939/1018/939 681/1021/681 178/1022/178
f 706/1019/706 939/1018/939 605/1023/605
f 224/1025/224 605/1028/605 940/1026/940
f 605/1028/605 178/1169/178 609/1029/609
f 940/1026/940 609/1029/609 144/1030/144
f 702/1027/702 940/1026/940 533/1031/533
f 601/1007/601 941/1035/941 701/1033/701
f 176/1034/176 607/1036/607 941/1035/941
f 607/1036/607 185/1104/185 616/1037/616
f 941/1035/941 616/1037/616 232/1038/232
f 600/1039/600 942/1043/942 644/1040/644
f 600/1039/600 147/1511/147 536/1042/536
f 536/1042/536 179/1260/179 617/1044/617
f 942/1043/942 617/1044/617 203/1045/203
f 168/918/168 579/924/579 943/1046/943
f 579/924/579 169/894/169 593/1048/593
f 943/1046/943 593/1048/593 184/1049/184
f 592/1047/592 943/1046/943 618/1050/618
f 167/920/167 578/919/578 944/1052/944
f 578/919/578 168/918/168 592/1054/592
f 944/1052/944 592/1054/592 183/1055/183
f 591/1053/591 944/1052/944 619/1056/619
f 147/914/147 577/913/577 945/1058/945
f 577/913/577 167/912/167 591/1060/591
f 591/1060/591 182/1284/182 620/1061/620
f 536/1059/536 945/1058/945 620/1061/620
f 169/1063/169 576/1066/576 946/1064/946
f 576/1066/576 156/1512/156 545/1067/545
f 946/1064/946 545/1067/545 180/1068/180
f 593/1065/593 946/1064/946 621/1069/621
f 217/1071/217 770/1513/770 947/1072/947
f 260/1074/260 570/1514/570 947/1072/947
f 38/336/38 322/1078/322 947/1072/947
f 622/1077/622 947/1072/947 322/1078/322
f 700/1073/700 947/1072/947 622/1079/622
f 198/873/198 569/872/569 948/1081/948
f 569/872/569 165/871/165 574/1083/574
f 948/1081/948 574/1083/574 181/1084/181
f 643/1082/643 948/1081/948 623/1085/623
f 215/1087/215 699/1090/699 949/1088/949
f 699/1090/699 214/1218/214 563/1091/563
f 949/1088/949 563/1091/563 31/1092/31
f 564/1089/564 949/1088/949 379/1093/379
f 156/1095/156 634/1098/634 950/1096/950
f 634/1098/634 198/873/198 643/1082/643
f 950/1096/950 643/1082/643 204/1086/204
f 545/1097/545 950/1096/950 640/1099/640
f 636/1101/636 951/1102/951 607/1036/607
f 200/1041/200 644/1040/644 951/1102/951
f 644/1040/644 203/1045/203 639/1103/639
f 951/1102/951 639/1103/639 185/1104/185
f 225/1105/225 698/1107/698 952/1106/952
f 698/1107/698 234/1212/234 690/1108/690
f 952/1106/952 690/1108/690 202/1109/202
f 681/1021/681 952/1106/952 638/1110/638
f 697/1111/697 953/1113/953 687/1014/687
f 697/1111/697 235/1515/235 691/1112/691
f 953/1113/953 691/1112/691 201/1114/201
f 953/1113/953 637/1115/637 177/1116/177
f 531/1117/531 954/1119/954 606/1118/606
f 190/985/190 647/984/647 954/1119/954
f 647/984/647 200/988/200 636/1120/636
f 954/1119/954 636/1120/636 176/1121/176
f 635/1122/635 955/1123/955 543/754/543
f 199/876/199 648/875/648 955/1123/955
f 648/875/648 191/881/191 627/1124/627
f 955/1123/955 627/1124/627 140/755/140
f 233/1080/233 622/1077/622 956/1125/956
f 59/332/59 365/1516/365 956/1125/956
f 696/1126/696 956/1125/956 365/1127/365
f 694/1129/694 957/1133/957 662/1130/662
f 199/1132/199 635/1136/635 957/1133/957
f 154/1135/154 662/1130/662 957/1133/957
f 139/1137/139 530/1140/530 958/1138/958
f 530/1140/530 189/866/189 649/868/649
f 958/1138/958 649/868/649 198/873/198
f 529/1139/529 958/1138/958 634/1098/634
f 562/844/562 959/1143/959 567/1141/567
f 164/1142/164 568/1144/568 959/1143/959
f 568/1144/568 197/1507/197 650/863/650
f 959/1143/959 650/863/650 196/861/196
f 162/1145/162 561/1148/561 960/1146/960
f 561/1148/561 163/845/163 567/1141/567
f 960/1146/960 567/1141/567 196/861/196
f 566/1147/566 960/1146/960 651/857/651
f 143/837/143 560/836/560 961/1149/961
f 560/836/560 162/835/162 566/1150/566
f 961/1149/961 566/1150/566 195/1151/195
f 531/1117/531 961/1149/961 652/849/652
f 542/981/542 962/1153/962 554/1152/554
f 153/980/153 555/1154/555 962/1153/962
f 555/1154/555 194/768/194 653/796/653
f 962/1153/962 653/796/653 193/797/193
f 151/1155/151 541/976/541 963/1156/963
f 541/976/541 152/982/152 554/1152/554
f 963/1156/963 554/1152/554 193/797/193
f 553/1157/553 963/1156/963 654/1158/654
f 142/973/142 540/972/540 964/1160/964
f 540/972/540 151/977/151 553/1162/553
f 964/1160/964 553/1162/553 192/790/192
f 525/1161/525 964/1160/964 655/785/655
f 528/756/528 965/1164/965 555/1163/555
f 140/755/140 627/1165/627 965/1164/965
f 627/1165/627 191/769/191 656/766/656
f 965/1164/965 656/766/656 194/768/194
f 164/829/164 559/828/559 966/1166/966
f 559/828/559 157/827/157 625/1167/625
f 966/1166/966 625/1167/625 189/1168/189
f 568/1144/568 966/1166/966 657/761/657
f 178/1169/178 638/1171/638 967/1170/967
f 638/1171/638 202/742/202 658/744/658
f 967/1170/967 658/744/658 188/749/188
f 609/1029/609 967/1170/967 624/1172/624
f 236/1173/236 692/1517/692 968/1174/968
f 623/1085/623 968/1174/968 692/1176/692
f 672/1178/672 968/1174/968 623/1179/623
f 186/1180/186 641/1382/641 968/1174/968
f 683/1181/683 968/1174/968 641/1182/641
f 723/1184/723 968/1174/968 683/1181/683
f 572/1186/572 969/1189/969 392/1187/392
f 218/884/218 695/1190/695 969/1189/969
f 695/1190/695 237/1350/237 693/1191/693
f 969/1189/969 693/1191/693 79/1192/79
f 571/1193/571 970/1198/970 673/1194/673
f 694/1195/694 970/1198/970 571/1196/571
f 208/1131/208 544/1518/544 970/1198/970
f 642/1199/642 970/1198/970 544/1200/544
f 187/1201/187 673/1194/673 970/1198/970
f 639/1203/639 971/1207/971 615/1204/615
f 203/1206/203 646/1208/646 971/1207/971
f 646/1208/646 235/1515/235 697/1111/697
f 971/1207/971 697/1111/697 231/1012/231
f 637/1115/637 972/1211/972 608/1209/608
f 637/1115/637 201/1114/201 645/1210/645
f 972/1211/972 645/1210/645 234/1212/234
f 608/1209/608 972/1211/972 698/1107/698
f 163/1213/163 561/1216/561 973/1214/973
f 561/1216/561 162/1519/162 668/1217/668
f 973/1214/973 668/1217/668 214/1218/214
f 669/1215/669 973/1214/973 699/1090/699
f 165/871/165 671/1220/671 974/1219/974
f 671/1220/671 217/1520/217 700/1073/700
f 700/1073/700 233/1080/233 689/1221/689
f 574/1083/574 974/1219/974 689/1221/689
f 50/486/50 678/1224/678 975/1222/975
f 678/1224/678 222/1521/222 701/1225/701
f 975/1222/975 701/1225/701 232/1226/232
f 357/1223/357 975/1222/975 688/1227/688
f 54/493/54 680/1230/680 976/1229/976
f 680/1230/680 224/1025/224 702/1027/702
f 976/1229/976 702/1027/702 206/1032/206
f 361/496/361 976/1229/976 660/1231/660
f 603/1015/603 977/1233/977 705/1232/705
f 177/1116/177 608/1209/608 977/1233/977
f 977/1233/977 608/1209/608 225/1105/225
f 977/1233/977 703/1020/703 238/1017/238
f 679/1234/679 978/1237/978 359/1235/359
f 223/1016/223 705/1232/705 978/1237/978
f 705/1232/705 238/1017/238 704/1238/704
f 978/1237/978 704/1238/704 106/1239/106
f 106/1239/106 704/1238/704 979/1240/979
f 704/1238/704 238/1017/238 706/1019/706
f 979/1240/979 706/1019/706 224/1024/224
f 438/1241/438 979/1240/979 680/1242/680
f 616/1037/616 980/1244/980 709/1243/709
f 185/1205/185 615/1204/615 980/1244/980
f 615/1204/615 231/1012/231 707/1009/707
f 980/1244/980 707/1009/707 239/1011/239
f 63/1228/63 688/1227/688 981/1245/981
f 232/1226/232 709/1243/709 981/1245/981
f 709/1243/709 239/1011/239 708/1247/708
f 981/1245/981 708/1247/708 113/1248/113
f 708/1247/708 982/1250/982 445/1249/445
f 239/1011/239 710/1010/710 982/1250/982
f 710/1010/710 223/1016/223 679/1234/679
f 982/1250/982 679/1234/679 52/1236/52
f 532/1251/532 983/1252/983 355/528/355
f 205/1003/205 711/1002/711 983/1252/983
f 983/1252/983 711/1002/711 222/1008/222
f 355/528/355 983/1252/983 678/1253/678
f 201/996/201 602/995/602 984/1255/984
f 146/1257/146 535/1258/535 984/1255/984
f 535/1258/535 207/947/207 712/1000/712
f 645/1256/645 984/1255/984 712/1000/712
f 617/1044/617 985/1261/985 646/1259/646
f 179/1260/179 610/1262/610 985/1261/985
f 610/1262/610 226/992/226 713/989/713
f 985/1261/985 713/989/713 235/991/235
f 171/944/171 583/943/583 986/1263/986
f 583/943/583 172/902/172 596/1265/596
f 986/1263/986 596/1265/596 221/903/221
f 595/1264/595 986/1263/986 714/1266/714
f 582/1268/582 987/1271/987 594/1269/594
f 582/1268/582 171/944/171 595/1264/595
f 987/1271/987 595/1264/595 220/1267/220
f 987/1271/987 715/953/715 219/955/219
f 581/1272/581 988/1274/988 535/1258/535
f 170/1273/170 594/1275/594 988/1274/988
f 594/1275/594 219/948/219 716/945/716
f 988/1274/988 716/945/716 207/947/207
f 183/1051/183 618/1050/618 989/1276/989
f 618/1050/618 184/1049/184 614/1278/614
f 989/1276/989 614/1278/614 230/1279/230
f 613/1277/613 989/1276/989 717/1280/717
f 619/1282/619 990/1285/990 612/1283/612
f 619/1282/619 183/1051/183 613/1277/613
f 990/1285/990 613/1277/613 229/1281/229
f 990/1285/990 718/933/718 228/928/228
f 620/1061/620 991/1287/991 610/1286/610
f 182/1284/182 612/1283/612 991/1287/991
f 612/1283/612 228/928/228 719/925/719
f 991/1287/991 719/925/719 226/927/226
f 172/902/172 580/901/580 992/1288/992
f 580/901/580 155/900/155 544/1200/544
f 992/1288/992 544/1200/544 208/1289/208
f 596/1265/596 992/1288/992 720/906/720
f 184/1070/184 621/1069/621 993/1290/993
f 621/1069/621 180/1068/180 611/1292/611
f 993/1290/993 611/1292/611 227/1293/227
f 614/1291/614 993/1290/993 721/898/721
f 674/1294/674 994/1297/994 575/1295/575
f 218/884/218 722/883/722 994/1297/994
f 722/883/722 210/888/210 664/1298/664
f 994/1297/994 664/1298/664 158/1299/158
f 692/1176/692 995/1302/995 640/1300/640
f 236/1173/236 723/1175/723 995/1302/995
f 723/1175/723 227/1185/227 611/1303/611
f 995/1302/995 611/1303/611 180/1100/180
f 546/1304/546 996/1310/996 573/1305/573
f 724/1307/724 996/1310/996 546/1304/546
f 256/1309/256 765/1522/765 996/1310/996
f 261/1311/261 771/1523/771 996/1310/996
f 671/1220/671 996/1310/996 771/1313/771
f 573/1305/573 996/1310/996 671/1314/671
f 305/1316/305 997/1319/997 564/1317/564
f 33/610/33 565/1320/565 997/1319/997
f 565/1320/565 216/824/216 725/1321/725
f 997/1319/997 725/1321/725 215/1322/215
f 6/611/6 304/1325/304 998/1323/998
f 304/1325/304 31/1524/31 563/1326/563
f 998/1323/998 563/1326/563 214/1327/214
f 532/1324/532 998/1323/998 726/833/726
f 303/1328/303 999/1330/999 565/1320/565
f 21/1329/21 663/1525/663 999/1330/999
f 999/1330/999 663/1525/663 209/1331/209
f 999/1330/999 727/822/727 216/824/216
f 552/800/552 1000/1334/1000 557/1332/557
f 161/1333/161 558/1335/558 1000/1334/1000
f 558/1335/558 213/776/213 728/1336/728
f 1000/1334/1000 728/1336/728 212/1337/212
f 159/787/159 551/795/551 1001/1338/1001
f 551/795/551 160/794/160 557/1340/557
f 1001/1338/1001 557/1340/557 212/819/212
f 556/1339/556 1001/1338/1001 729/813/729
f 144/1030/144 550/1343/550 1002/1341/1002
f 550/1343/550 159/1526/159 556/1344/556
f 1002/1341/1002 556/1344/556 211/1345/211
f 533/1342/533 1002/1341/1002 730/805/730
f 549/772/549 1003/1348/1003 558/1346/558
f 549/772/549 158/1506/158 664/1347/664
f 1003/1348/1003 664/1347/664 210/1349/210
f 1003/1348/1003 731/774/731 213/776/213
f 237/1350/237 732/1353/732 1004/1351/1004
f 732/1353/732 233/1080/233 696/1126/696
f 1004/1351/1004 696/1126/696 83/1354/83
f 693/1352/693 1004/1351/1004 491/1355/491
f 187/1356/187 742/1359/742 1005/1357/1005
f 742/1359/742 244/1402/244 736/1360/736
f 1005/1357/1005 736/1360/736 241/1361/241
f 673/1358/673 1005/1357/1005 741/1362/741
f 744/1363/744 1006/1367/1006 732/1364/732
f 247/1366/247 740/1368/740 1006/1367/1006
f 740/1368/740 246/1372/246 743/1369/743
f 1006/1367/1006 743/1369/743 233/1370/233
f 743/1369/743 1007/1373/1007 689/1371/689
f 246/1372/246 738/1374/738 1007/1373/1007
f 738/1374/738 242/1437/242 745/1375/745
f 1007/1373/1007 745/1375/745 181/1376/181
f 166/1296/166 741/1362/741 1008/1377/1008
f 741/1362/741 241/1361/241 737/1378/737
f 1008/1377/1008 737/1378/737 245/1379/245
f 674/1294/674 1008/1377/1008 746/1380/746
f 748/1381/748 1009/1384/1009 641/1382/641
f 748/1381/748 243/1425/243 733/1383/733
f 1009/1384/1009 733/1383/733 240/1385/240
f 641/1382/641 1009/1384/1009 747/1386/747
f 181/1387/181 745/1390/745 1010/1388/1010
f 745/1390/745 242/1420/242 735/1391/735
f 1010/1388/1010 735/1391/735 243/1392/243
f 672/1389/672 1010/1388/1010 748/1393/748
f 746/1380/746 1011/1396/1011 695/1190/695
f 746/1380/746 245/1379/245 739/1395/739
f 1011/1396/1011 739/1395/739 247/1397/247
f 1011/1396/1011 744/1398/744 237/1350/237
f 155/1183/155 747/1386/747 1012/1399/1012
f 747/1386/747 240/1385/240 734/1401/734
f 1012/1399/1012 734/1401/734 244/1402/244
f 642/1400/642 1012/1399/1012 742/1359/742
f 244/1402/244 758/1404/758 1013/1403/1013
f 758/1404/758 252/1411/252 752/1405/752
f 1013/1403/1013 752/1405/752 249/1406/249
f 736/1360/736 1013/1403/1013 757/1407/757
f 240/1385/240 759/1410/759 1014/1408/1014
f 248/1409/248 750/1438/750 1014/1408/1014
f 1014/1408/1014 750/1438/750 252/1411/252
f 734/1401/734 1014/1408/1014 758/1404/758
f 245/1379/245 761/1414/761 1015/1412/1015
f 253/1413/253 755/1448/755 1015/1412/1015
f 1015/1412/1015 755/1448/755 255/1415/255
f 739/1395/739 1015/1412/1015 760/1416/760
f 241/1361/241 757/1407/757 1016/1417/1016
f 757/1407/757 249/1406/249 753/1418/753
f 1016/1417/1016 753/1418/753 253/1413/253
f 737/1378/737 1016/1417/1016 761/1414/761
f 763/1419/763 1017/1422/1017 735/1391/735
f 250/1421/250 751/1527/751 1017/1422/1017
f 1017/1422/1017 751/1527/751 251/1423/251
f 735/1391/735 1017/1422/1017 762/1424/762
f 243/1425/243 762/1427/762 1018/1426/1018
f 762/1427/762 251/1440/251 749/1428/749
f 1018/1426/1018 749/1428/749 248/1409/248
f 733/1383/733 1018/1426/1018 759/1410/759
f 760/1429/760 1019/1431/1019 740/1368/740
f 255/1430/255 756/1528/756 1019/1431/1019
f 1019/1431/1019 756/1528/756 254/1432/254
f 1019/1431/1019 764/1433/764 246/1372/246
f 764/1433/764 1020/1434/1020 738/1374/738
f 254/1432/254 754/1435/754 1020/1434/1020
f 754/1435/754 250/1529/250 763/1436/763
f 1020/1434/1020 763/1436/763 242/1437/242
f 749/1428/749 1021/1530/1021 750/1438/750
f 751/1439/751 1021/1530/1021 749/1428/749
f 754/1441/754 1021/1530/1021 751/1442/751
f 756/1444/756 1021/1530/1021 754/1445/754
f 755/1447/755 1021/1530/1021 756/1444/756
f 753/1418/753 1021/1530/1021 755/1448/755
f 752/1449/752 1021/1530/1021 753/1418/753
f 750/1450/750 1021/1530/1021 752/1405/752
f 663/1451/663 1022/1454/1022 724/1307/724
f 320/1452/320 1022/1454/1022 663/1451/663
f 257/1453/257 773/1457/773 1022/1454/1022
f 767/1456/767 1022/1454/1022 773/1457/773
f 256/1309/256 724/1307/724 1022/1454/1022
f 483/603/483 1023/1462/1023 420/1460/420
f 258/600/258 774/1478/774 1023/1462/1023
f 768/1464/768 1023/1462/1023 774/1465/774
f 257/1453/257 320/1531/320 1023/1462/1023
f 420/1468/420 1023/1462/1023 320/1469/320
f 38/336/38 570/1472/570 1024/1470/1024
f 260/1074/260 770/1532/770 1024/1470/1024
f 771/1473/771 1024/1470/1024 770/1075/770
f 261/1311/261 765/1312/765 1024/1470/1024
f 767/1456/767 1024/1470/1024 765/1312/765
f 263/1458/263 773/1533/773 1024/1470/1024
f 257/1453/257 768/1467/768 1024/1470/1024
f 264/1466/264 774/1534/774 1024/1470/1024
f 766/1477/766 1024/1470/1024 774/1478/774
f 262/598/262 772/599/772 1024/1470/1024
f 769/1480/769 1024/1470/1024 772/1481/772
f 259/337/259 317/334/317 1024/1470/1024
