{
    "Player": {
        "L_Arm Translate": [
            -0.5270000100135803,
            1.2619999647140503,
            0.0
        ],
        "R_Arm Translate": [
            0.5270000100135803,
            1.2619999647140503,
            0.0
        ],
        "body Translate": [
            0.0,
            0.0,
            0.0
        ],
        "head Translate": [
            0.0,
            1.503999948501587,
            0.0
        ]
    }
}
